"","date","returns","symbol"
"1",2014-02-01,0,"bvfed"
"2",2014-03-01,-0.00411151223425588,"bvfed"
"3",2014-04-01,-0.0231598026382036,"bvfed"
"4",2014-05-01,0.0147407483764561,"bvfed"
"5",2014-06-01,-0.00121901665989432,"bvfed"
"6",2014-07-01,0.0243083807973963,"bvfed"
"7",2014-08-01,0.0479594876377718,"bvfed"
"8",2014-09-01,-0.0288042448360811,"bvfed"
"9",2014-10-01,-0.00380487804878049,"bvfed"
"10",2014-11-01,-0.0344726275585153,"bvfed"
"11",2014-12-01,-0.00994015620245459,"bvfed"
"12",2015-01-01,0.0101424034422704,"bvfed"
"13",2015-02-01,-0.0220081135902637,"bvfed"
"14",2015-03-01,0.0705174738152028,"bvfed"
"15",2015-04-01,-0.0878620556039911,"bvfed"
"16",2015-05-01,0.0041418861512319,"bvfed"
"17",2015-06-01,0.0207297726070863,"bvfed"
"18",2015-07-01,0.0641384312506477,"bvfed"
"19",2015-08-01,0.023076923076923,"bvfed"
"20",2015-09-01,-0.0732844770153231,"bvfed"
"21",2015-10-01,0.0216699188661806,"bvfed"
"22",2015-11-01,0.0187977482911137,"bvfed"
"23",2015-12-01,-0.00947212629501726,"bvfed"
"24",2016-01-01,-0.00209184181691402,"bvfed"
"25",2016-02-01,-0.0327410660810541,"bvfed"
"26",2016-03-01,0.032094943240454,"bvfed"
"27",2016-04-01,0.00619938006199372,"bvfed"
"28",2016-05-01,0.018384179668091,"bvfed"
"29",2016-06-01,0.013856362217018,"bvfed"
"30",2016-07-01,0.0442733397497594,"bvfed"
"31",2016-08-01,0.000829493087557642,"bvfed"
"32",2016-09-01,0.0529514688277006,"bvfed"
"33",2016-10-01,0.00865838726604862,"bvfed"
"34",2016-11-01,-0.0283534206190931,"bvfed"
"35",2016-12-01,-0.0283776548277709,"bvfed"
"36",2017-01-01,0.0337068332108743,"bvfed"
"37",2017-02-01,0.030297645490893,"bvfed"
"38",2017-03-01,0.0111245256985166,"bvfed"
"39",2017-04-01,0.044776119402985,"bvfed"
"40",2017-05-01,-0.00457142857142856,"bvfed"
"41",2017-06-01,0.038051500738068,"bvfed"
"42",2017-07-01,0.0665981987675779,"bvfed"
"43",2017-08-01,-0.0147396489148952,"bvfed"
"44",2017-09-01,0.012328973086754,"bvfed"
"45",2017-10-01,0.0251745135897816,"bvfed"
"46",2017-11-01,0.0386091995653748,"bvfed"
"47",2017-12-01,0.104617101408844,"bvfed"
"48",2018-01-01,0.0632024245485541,"bvfed"
"49",2018-02-01,0.077498663816141,"bvfed"
"50",2018-03-01,0.0178020282186948,"bvfed"
"51",2018-04-01,0.053717441923431,"bvfed"
"52",2018-05-01,-0.162701063775117,"bvfed"
"53",2018-06-01,-0.000245504204259506,"bvfed"
"54",2018-07-01,-0.110258456627172,"bvfed"
"55",2018-08-01,0.049955150762437,"bvfed"
"56",2018-09-01,0.00933166852861933,"bvfed"
"57",2018-10-01,0.049677713392799,"bvfed"
"58",2018-11-01,-0.0841706984245131,"bvfed"
"59",2018-12-01,0.0247206230951575,"bvfed"
"60",2019-01-01,-0.0659616655651024,"bvfed"
"61",2019-02-01,0.00651004811774691,"bvfed"
"62",2019-03-01,0.0669291338582678,"bvfed"
"63",2019-04-01,-0.0229968371112282,"bvfed"
"64",2019-05-01,-0.0180076886760639,"bvfed"
"65",2019-06-01,-0.0209478021978022,"bvfed"
"66",2019-07-01,0.00161346895826031,"bvfed"
"67",2019-08-01,0.0117663538310688,"bvfed"
"68",2019-09-01,0.00297660251972864,"bvfed"
"69",2019-10-01,0.0327834909241493,"bvfed"
"70",2019-11-01,0.0221865811280406,"bvfed"
"71",2019-12-01,-0.0486401673640168,"bvfed"
"72",2020-01-01,-0.0101017042330951,"bvfed"
"73",2020-02-01,-0.0362374175633461,"bvfed"
"74",2020-03-01,-0.00943600086436647,"bvfed"
"75",2020-04-01,-0.236256544502618,"bvfed"
"76",2020-05-01,0.140721698562315,"bvfed"
"77",2020-06-01,0.129538435856773,"bvfed"
"78",2020-07-01,-0.0429320919234464,"bvfed"
"79",2020-08-01,0.00478690549722049,"bvfed"
"80",2020-09-01,0.0541724296911019,"bvfed"
"81",2020-10-01,0.0254391719513085,"bvfed"
"82",2020-11-01,0.0371765709411431,"bvfed"
"83",2020-12-01,0.0560619560002742,"bvfed"
"84",2021-01-01,0.10007138685184,"bvfed"
"85",2021-02-01,0.0125066367765914,"bvfed"
"86",2021-03-01,0.0549437743984151,"bvfed"
"87",2021-04-01,0.0413122721749697,"bvfed"
"88",2021-05-01,0.0573883526042218,"bvfed"
"89",2021-06-01,0.0941512841091492,"bvfed"
"90",2021-07-01,0.0217760051345528,"bvfed"
"91",2017-01-01,0,"bvpf"
"92",2017-02-01,0.004,"bvpf"
"93",2017-03-01,-0.00049800796812749,"bvpf"
"94",2017-04-01,0.00607872446437474,"bvpf"
"95",2017-05-01,0.00039619651347067,"bvpf"
"96",2017-06-01,0.00861386138613862,"bvpf"
"97",2017-07-01,0.00854029645626775,"bvpf"
"98",2017-08-01,0.00827331127116993,"bvpf"
"99",2017-09-01,-0.00444058306786366,"bvpf"
"100",2017-10-01,9.69649956366059e-05,"bvpf"
"101",2017-11-01,-0.0213302307543145,"bvpf"
"102",2017-12-01,0.0901525658807212,"bvpf"
"103",2018-01-01,0.0558887677208288,"bvpf"
"104",2018-02-01,0.0347706343058782,"bvpf"
"105",2018-03-01,0.0256175663311986,"bvpf"
"106",2018-04-01,0.0262752412618603,"bvpf"
"107",2018-05-01,-0.0881074674041881,"bvpf"
"108",2018-06-01,-0.0386481802426343,"bvpf"
"109",2018-07-01,-0.051739679105823,"bvpf"
"110",2018-08-01,0.0567490494296579,"bvpf"
"111",2018-09-01,0.0347215975532968,"bvpf"
"112",2018-10-01,-0.00086933843345216,"bvpf"
"113",2018-11-01,-0.0677803880622988,"bvpf"
"114",2018-12-01,0.012880343475826,"bvpf"
"115",2019-01-01,-0.024511610762993,"bvpf"
"116",2019-02-01,0.0296618174948045,"bvpf"
"117",2019-03-01,0.0194495412844036,"bvpf"
"118",2019-04-01,0.0234881209503239,"bvpf"
"119",2019-05-01,-0.0109030159148862,"bvpf"
"120",2019-06-01,-0.00871188550093338,"bvpf"
"121",2019-07-01,0.0133620303111828,"bvpf"
"122",2019-08-01,0.0061946902654868,"bvpf"
"123",2019-09-01,-0.00105540897097622,"bvpf"
"124",2019-10-01,0.00572283852790978,"bvpf"
"125",2019-11-01,0.016370480609297,"bvpf"
"126",2019-12-01,-0.0126614987080104,"bvpf"
"127",2020-01-01,0.00427462269911882,"bvpf"
"128",2020-02-01,-0.0467338429464906,"bvpf"
"129",2020-03-01,0.00227811190085658,"bvpf"
"130",2020-04-01,-0.15365033184835,"bvpf"
"131",2020-05-01,0.0842195724567623,"bvpf"
"132",2020-06-01,0.0802536411374219,"bvpf"
"133",2020-07-01,-0.0200862148032651,"bvpf"
"134",2020-08-01,-0.00814301759640579,"bvpf"
"135",2020-09-01,0.0630367085024064,"bvpf"
"136",2020-10-01,0.02982689747004,"bvpf"
"137",2020-11-01,0.033531592104129,"bvpf"
"138",2020-12-01,0.0477064220183485,"bvpf"
"139",2021-01-01,0.0655946505333547,"bvpf"
"140",2021-02-01,-0.0274167040191244,"bvpf"
"141",2021-03-01,0.0871034641677548,"bvpf"
"142",2021-04-01,0.0158270331378507,"bvpf"
"143",2021-05-01,0.0164151074633094,"bvpf"
"144",2021-06-01,0.0687059467597344,"bvpf"
"145",2021-07-01,0.0270218351796119,"bvpf"
"146",2014-01-01,0,"dcbc"
"147",2014-02-01,0.11245122383824,"dcbc"
"148",2014-03-01,0.0232780612244898,"dcbc"
"149",2014-04-01,0.0484055261244416,"dcbc"
"150",2014-05-01,-0.0145645496879026,"dcbc"
"151",2014-06-01,-0.0631409611904283,"dcbc"
"152",2014-07-01,0.0414251985404592,"dcbc"
"153",2014-08-01,0.0522464962901896,"dcbc"
"154",2014-09-01,0.067476251101753,"dcbc"
"155",2014-10-01,-0.0143119266055046,"dcbc"
"156",2014-11-01,-0.0377885331347729,"dcbc"
"157",2014-12-01,-0.0747726833043142,"dcbc"
"158",2015-01-01,-0.0572922111866179,"dcbc"
"159",2015-02-01,0.00909393368082512,"dcbc"
"160",2015-03-01,0.0497856907352456,"dcbc"
"161",2015-04-01,-0.0571608040201005,"dcbc"
"162",2015-05-01,0.0108816344659115,"dcbc"
"163",2015-06-01,0.0477811950790861,"dcbc"
"164",2015-07-01,0.0983331586120137,"dcbc"
"165",2015-08-01,-0.00935382265915818,"dcbc"
"166",2015-09-01,-0.0436458232970421,"dcbc"
"167",2015-10-01,0.0187386661293572,"dcbc"
"168",2015-11-01,0.0688291139240507,"dcbc"
"169",2015-12-01,-0.0256291635825314,"dcbc"
"170",2016-01-01,0.0218402810749216,"dcbc"
"171",2016-02-01,-0.0516680605891646,"dcbc"
"172",2016-03-01,0.0477217050465457,"dcbc"
"173",2016-04-01,0.000748222970445189,"dcbc"
"174",2016-05-01,0.0432710280373831,"dcbc"
"175",2016-06-01,0.0282182209083579,"dcbc"
"176",2016-07-01,0.0620317128419585,"dcbc"
"177",2016-08-01,0.0178014766201804,"dcbc"
"178",2016-09-01,0.0490045941807045,"dcbc"
"179",2016-10-01,0.0102958125240107,"dcbc"
"180",2016-11-01,-0.0316373868735265,"dcbc"
"181",2016-12-01,-0.00337705175528158,"dcbc"
"182",2017-01-01,-0.0130811662726557,"dcbc"
"183",2017-02-01,0.0283455764931331,"dcbc"
"184",2017-03-01,0.0225172761860393,"dcbc"
"185",2017-04-01,0.0381198268661249,"dcbc"
"186",2017-05-01,-0.00921658986175111,"dcbc"
"187",2017-06-01,0.0422296050203026,"dcbc"
"188",2017-07-01,0.0545441666076363,"dcbc"
"189",2017-08-01,-0.00396318935984419,"dcbc"
"190",2017-09-01,0.0175343943889938,"dcbc"
"191",2017-10-01,0.0273727465535525,"dcbc"
"192",2017-11-01,0.0126443455260952,"dcbc"
"193",2017-12-01,0.131171561444862,"dcbc"
"194",2018-01-01,0.0312570398738454,"dcbc"
"195",2018-02-01,0.0879799027906722,"dcbc"
"196",2018-03-01,0.0271559080413613,"dcbc"
"197",2018-04-01,0.0624541856032841,"dcbc"
"198",2018-05-01,-0.0907961915275286,"dcbc"
"199",2018-06-01,-0.0527647088581981,"dcbc"
"200",2018-07-01,-0.0625400555436872,"dcbc"
"201",2018-08-01,-0.0120207371959209,"dcbc"
"202",2018-09-01,0.0391535001729904,"dcbc"
"203",2018-10-01,0.0266355918095555,"dcbc"
"204",2018-11-01,-0.108967082860386,"dcbc"
"205",2018-12-01,-0.00624810433727629,"dcbc"
"206",2019-01-01,-0.0128189476254426,"dcbc"
"207",2019-02-01,-0.0059980212713332,"dcbc"
"208",2019-03-01,0.0563608087091758,"dcbc"
"209",2019-04-01,0.000294446734585785,"dcbc"
"210",2019-05-01,-0.00129518426939834,"dcbc"
"211",2019-06-01,-0.0190992690403207,"dcbc"
"212",2019-07-01,0.0124399038461538,"dcbc"
"213",2019-08-01,0.0420252864011397,"dcbc"
"214",2019-09-01,0.00301908288236974,"dcbc"
"215",2019-10-01,0.0311222171740118,"dcbc"
"216",2019-11-01,0.00727032385988102,"dcbc"
"217",2019-12-01,-0.0459864391951006,"dcbc"
"218",2020-01-01,0.00498653063563936,"dcbc"
"219",2020-02-01,-0.026348808030113,"dcbc"
"220",2020-03-01,-0.0336808809746955,"dcbc"
"221",2020-04-01,-0.264169242892647,"dcbc"
"222",2020-05-01,0.144987231238158,"dcbc"
"223",2020-06-01,0.150442477876106,"dcbc"
"224",2020-07-01,-0.0399624765478424,"dcbc"
"225",2020-08-01,-0.0569982411569279,"dcbc"
"226",2020-09-01,0.140741032410842,"dcbc"
"227",2020-10-01,0.0378801687600183,"dcbc"
"228",2020-11-01,0.000523953668025934,"dcbc"
"229",2020-12-01,0.112137929425761,"dcbc"
"230",2021-01-01,0.0833330274560677,"dcbc"
"231",2021-02-01,-0.0462607562611145,"dcbc"
"232",2021-03-01,0.155775563823346,"dcbc"
"233",2021-04-01,0.0154880002248201,"dcbc"
"234",2021-05-01,0.0588481256118527,"dcbc"
"235",2021-06-01,0.128961267066409,"dcbc"
"236",2021-07-01,0.0493247329750814,"dcbc"
"237",2004-05-01,0,"dcds"
"238",2004-06-01,0.00989985678961602,"dcds"
"239",2004-07-01,-0.00584214525830429,"dcds"
"240",2004-08-01,-0.0018929252840586,"dcds"
"241",2004-09-01,0.00349293171324994,"dcds"
"242",2004-10-01,0.00586725718661385,"dcds"
"243",2004-11-01,-0.00603106836068101,"dcds"
"244",2004-12-01,-0.00427582637945534,"dcds"
"245",2005-01-01,0.0109868835632012,"dcds"
"246",2005-02-01,0.00988046538945464,"dcds"
"247",2005-03-01,0.0163389917649648,"dcds"
"248",2005-04-01,0.0136696935243943,"dcds"
"249",2005-05-01,-0.0218418988444126,"dcds"
"250",2005-06-01,0.0270867561686807,"dcds"
"251",2005-07-01,0.00274064565627952,"dcds"
"252",2005-08-01,0.0115961061430387,"dcds"
"253",2005-09-01,0.0243223590454329,"dcds"
"254",2005-10-01,0.0694136775439493,"dcds"
"255",2005-11-01,0.0599742398943039,"dcds"
"256",2005-12-01,0.0288123336831527,"dcds"
"257",2006-01-01,0.0302680880843891,"dcds"
"258",2006-02-01,0.0392966781011137,"dcds"
"259",2006-03-01,0.160280141349989,"dcds"
"260",2006-04-01,0.22428727926441,"dcds"
"261",2006-05-01,0.258898708742605,"dcds"
"262",2006-06-01,0.0172735415116003,"dcds"
"263",2006-07-01,0.0177816117281375,"dcds"
"264",2006-08-01,-0.0821988158414498,"dcds"
"265",2006-09-01,0.0501604930560822,"dcds"
"266",2006-10-01,-0.0779751515128987,"dcds"
"267",2006-11-01,0,"dcds"
"268",2006-12-01,0.152224721039861,"dcds"
"269",2007-01-01,0.336971326747124,"dcds"
"270",2007-02-01,0.284749355560499,"dcds"
"271",2007-03-01,0.157587443335485,"dcds"
"272",2007-04-01,-0.126683636685406,"dcds"
"273",2007-05-01,-0.0604363956869922,"dcds"
"274",2007-06-01,0.0465881761838676,"dcds"
"275",2007-07-01,-0.113874036271156,"dcds"
"276",2007-08-01,-0.0169906885570743,"dcds"
"277",2007-09-01,-0.0167156577264004,"dcds"
"278",2007-10-01,0.129377861442283,"dcds"
"279",2007-11-01,0.0447850343528637,"dcds"
"280",2007-12-01,-0.0462720955183651,"dcds"
"281",2008-01-01,-0.0422835998671027,"dcds"
"282",2008-02-01,-0.0299616050046678,"dcds"
"283",2008-03-01,-0.160970117856812,"dcds"
"284",2008-04-01,-0.112026633157684,"dcds"
"285",2008-05-01,-0.0907737107354967,"dcds"
"286",2008-06-01,-0.153335479179103,"dcds"
"287",2008-07-01,0.021559257578901,"dcds"
"288",2008-08-01,0.0137686121060456,"dcds"
"289",2008-09-01,0.148811485792321,"dcds"
"290",2008-10-01,-0.0943044966718821,"dcds"
"291",2008-11-01,-0.0949845492082064,"dcds"
"292",2008-12-01,-0.0382261763653833,"dcds"
"293",2009-01-01,0.010095135654145,"dcds"
"294",2009-02-01,-0.0419370733330244,"dcds"
"295",2009-03-01,-0.0310797632077847,"dcds"
"296",2009-04-01,0.056347612831976,"dcds"
"297",2009-05-01,0.100928400515369,"dcds"
"298",2009-06-01,0.0863596319935229,"dcds"
"299",2009-07-01,0.00497433218328491,"dcds"
"300",2009-08-01,0.0948601985437945,"dcds"
"301",2009-09-01,0.0996445896901919,"dcds"
"302",2009-10-01,0.0613784533303032,"dcds"
"303",2009-11-01,-0.0289127018556378,"dcds"
"304",2009-12-01,-0.0445714511369312,"dcds"
"305",2010-01-01,0.0515787044531624,"dcds"
"306",2010-02-01,-0.0164362709133072,"dcds"
"307",2010-03-01,0.00493656337896842,"dcds"
"308",2010-04-01,0.00335509615653051,"dcds"
"309",2010-05-01,-0.0021384828661285,"dcds"
"310",2010-06-01,0.00533780591436517,"dcds"
"311",2010-07-01,0.000246913580246977,"dcds"
"312",2010-08-01,-0.0168682629803341,"dcds"
"313",2010-09-01,-0.0719367258118514,"dcds"
"314",2010-10-01,-0.0183523470261984,"dcds"
"315",2010-11-01,-0.00693615066605424,"dcds"
"316",2010-12-01,-0.0178546648781165,"dcds"
"317",2011-01-01,-0.0097489756511091,"dcds"
"318",2011-02-01,0.033149434034053,"dcds"
"319",2011-03-01,-0.143810707544998,"dcds"
"320",2011-04-01,0.0243561481800096,"dcds"
"321",2011-05-01,-0.0549023724543355,"dcds"
"322",2011-06-01,-0.0535377096523381,"dcds"
"323",2011-07-01,-0.0453585259946016,"dcds"
"324",2011-08-01,-0.056733665252935,"dcds"
"325",2011-09-01,0.078456926886485,"dcds"
"326",2011-10-01,-0.0436253776435045,"dcds"
"327",2011-11-01,-0.0602729340409401,"dcds"
"328",2011-12-01,-0.0858545112276455,"dcds"
"329",2012-01-01,-0.0722218136353607,"dcds"
"330",2012-02-01,0.108917954815696,"dcds"
"331",2012-03-01,0.0825648723997428,"dcds"
"332",2012-04-01,0.00488642366613834,"dcds"
"333",2012-05-01,0.0905506636877382,"dcds"
"334",2012-06-01,-0.0471197879006989,"dcds"
"335",2012-07-01,-0.0353484254458075,"dcds"
"336",2012-08-01,0.00530973451327443,"dcds"
"337",2012-09-01,-0.0315597287428273,"dcds"
"338",2012-10-01,-0.0338674925935901,"dcds"
"339",2012-11-01,0.0199317025576695,"dcds"
"340",2012-12-01,-0.0114793303723949,"dcds"
"341",2013-01-01,0.0581323010990531,"dcds"
"342",2013-02-01,0.121962372615626,"dcds"
"343",2013-03-01,-0.0363901018922853,"dcds"
"344",2013-04-01,0.061510574018127,"dcds"
"345",2013-05-01,-0.0340960837887068,"dcds"
"346",2013-06-01,0.103954269550357,"dcds"
"347",2013-07-01,-0.0370469225431057,"dcds"
"348",2013-08-01,0.0111425245301846,"dcds"
"349",2013-09-01,0.00515350877192988,"dcds"
"350",2013-10-01,0.0202901712664993,"dcds"
"351",2013-11-01,0.0125099967924729,"dcds"
"352",2013-12-01,0.0208303986291034,"dcds"
"353",2014-01-01,-0.0147027030381897,"dcds"
"354",2014-02-01,0.103041059260577,"dcds"
"355",2014-03-01,0.0325552045068749,"dcds"
"356",2014-04-01,0.0245846030754029,"dcds"
"357",2014-05-01,-0.0140826621156113,"dcds"
"358",2014-06-01,-0.069955057270681,"dcds"
"359",2014-07-01,0.0487210330242411,"dcds"
"360",2014-08-01,0.0414531679699799,"dcds"
"361",2014-09-01,0.066514077734835,"dcds"
"362",2014-10-01,-0.0135126359309636,"dcds"
"363",2014-11-01,-0.0140931818824135,"dcds"
"364",2014-12-01,-0.0645876569475478,"dcds"
"365",2015-01-01,-0.0425848275581125,"dcds"
"366",2015-02-01,0.0261138354154842,"dcds"
"367",2015-03-01,0.0174439726645126,"dcds"
"368",2015-04-01,-0.0536785345604918,"dcds"
"369",2015-05-01,-0.00048733983315552,"dcds"
"370",2015-06-01,0.0527217231274955,"dcds"
"371",2015-07-01,0.0390843239451948,"dcds"
"372",2015-08-01,0.0356317002752848,"dcds"
"373",2015-09-01,-0.0355312572801539,"dcds"
"374",2015-10-01,0.0200426091422334,"dcds"
"375",2015-11-01,0.0531976961299023,"dcds"
"376",2015-12-01,-0.0306375161278077,"dcds"
"377",2016-01-01,0.0154857688512535,"dcds"
"378",2016-02-01,-0.0458560630427109,"dcds"
"379",2016-03-01,0.0476619591701137,"dcds"
"380",2016-04-01,0.00779303582473378,"dcds"
"381",2016-05-01,0.0449979893020775,"dcds"
"382",2016-06-01,0.0344569825102636,"dcds"
"383",2016-07-01,0.0573382098692652,"dcds"
"384",2016-08-01,0.0185657483711221,"dcds"
"385",2016-09-01,0.0560850250482809,"dcds"
"386",2016-10-01,0.00104657086386406,"dcds"
"387",2016-11-01,-0.0226491470427603,"dcds"
"388",2016-12-01,-0.00306888771703573,"dcds"
"389",2017-01-01,-0.0126995340405739,"dcds"
"390",2017-02-01,0.0268893130923618,"dcds"
"391",2017-03-01,0.0201677500335598,"dcds"
"392",2017-04-01,0.031924522571118,"dcds"
"393",2017-05-01,-0.00630899379157157,"dcds"
"394",2017-06-01,0.0384885973749189,"dcds"
"395",2017-07-01,0.043773516499902,"dcds"
"396",2017-08-01,-0.00535634083353265,"dcds"
"397",2017-09-01,0.0160630381159488,"dcds"
"398",2017-10-01,0.0330099421767627,"dcds"
"399",2017-11-01,0.0240863182943263,"dcds"
"400",2017-12-01,0.124069701271296,"dcds"
"401",2018-01-01,0.035074948206524,"dcds"
"402",2018-02-01,0.0939545686809176,"dcds"
"403",2018-03-01,0.0253334651745292,"dcds"
"404",2018-04-01,0.0553126508890647,"dcds"
"405",2018-05-01,-0.0842377329519141,"dcds"
"406",2018-06-01,-0.0502628731639473,"dcds"
"407",2018-07-01,-0.0548395474114824,"dcds"
"408",2018-08-01,-0.0107534173023668,"dcds"
"409",2018-09-01,0.0290915025867919,"dcds"
"410",2018-10-01,0.0238364283787309,"dcds"
"411",2018-11-01,-0.101861316485716,"dcds"
"412",2018-12-01,-0.00247535183723357,"dcds"
"413",2019-01-01,-0.00543971649010744,"dcds"
"414",2019-02-01,0.000337651692194241,"dcds"
"415",2019-03-01,0.0481780831656047,"dcds"
"416",2019-04-01,0.0023911003539927,"dcds"
"417",2019-05-01,-0.00328305157229081,"dcds"
"418",2019-06-01,-0.0176256652569347,"dcds"
"419",2019-07-01,0.0133536731871828,"dcds"
"420",2019-08-01,0.0427740610437388,"dcds"
"421",2019-09-01,0.0125654272542282,"dcds"
"422",2019-10-01,0.0272834408006324,"dcds"
"423",2019-11-01,0.00822213568117114,"dcds"
"424",2019-12-01,-0.0404525592493241,"dcds"
"425",2020-01-01,0.0106900768129925,"dcds"
"426",2020-02-01,-0.0195238199241171,"dcds"
"427",2020-03-01,-0.0181137765016475,"dcds"
"428",2020-04-01,-0.223293364329704,"dcds"
"429",2020-05-01,0.128034212224593,"dcds"
"430",2020-06-01,0.125343814024179,"dcds"
"431",2020-07-01,-0.039675212583638,"dcds"
"432",2020-08-01,-0.0404488519852912,"dcds"
"433",2020-09-01,0.120826452587806,"dcds"
"434",2020-10-01,0.0323921045418534,"dcds"
"435",2020-11-01,0.0125966210515085,"dcds"
"436",2020-12-01,0.119500861166297,"dcds"
"437",2021-01-01,0.0913699959746639,"dcds"
"438",2021-02-01,-0.033763926299187,"dcds"
"439",2021-03-01,0.135390533584921,"dcds"
"440",2021-04-01,0.0169600314980436,"dcds"
"441",2021-05-01,0.0408045535837092,"dcds"
"442",2021-06-01,0.127226040951305,"dcds"
"443",2021-07-01,0.0481573491029004,"dcds"
"444",2014-10-01,0,"e1vfvn30"
"445",2014-11-01,-0.028846153846154,"e1vfvn30"
"446",2014-12-01,-0.0396039603960396,"e1vfvn30"
"447",2015-01-01,-0.0309278350515463,"e1vfvn30"
"448",2015-02-01,-0.0106382978723404,"e1vfvn30"
"449",2015-03-01,0.021505376344086,"e1vfvn30"
"450",2015-04-01,-0.0631578947368421,"e1vfvn30"
"451",2015-05-01,0.0112359550561798,"e1vfvn30"
"452",2015-06-01,0.0111111111111111,"e1vfvn30"
"453",2015-07-01,0.054945054945055,"e1vfvn30"
"454",2015-08-01,0.0520833333333333,"e1vfvn30"
"455",2015-09-01,-0.0792079207920791,"e1vfvn30"
"456",2015-10-01,0,"e1vfvn30"
"457",2015-11-01,0.0430107526881718,"e1vfvn30"
"458",2015-12-01,-0.0309278350515463,"e1vfvn30"
"459",2016-01-01,0,"e1vfvn30"
"460",2016-02-01,-0.0425531914893618,"e1vfvn30"
"461",2016-03-01,0.0222222222222221,"e1vfvn30"
"462",2016-04-01,-0.0108695652173912,"e1vfvn30"
"463",2016-05-01,0.043956043956044,"e1vfvn30"
"464",2016-06-01,0.0315789473684212,"e1vfvn30"
"465",2016-07-01,0.0306122448979591,"e1vfvn30"
"466",2016-08-01,0.00990099009900991,"e1vfvn30"
"467",2016-09-01,0.0392156862745099,"e1vfvn30"
"468",2016-10-01,0.0188679245283019,"e1vfvn30"
"469",2016-11-01,-0.0370370370370371,"e1vfvn30"
"470",2016-12-01,-0.0134615384615385,"e1vfvn30"
"471",2017-01-01,-0.00682261208577006,"e1vfvn30"
"472",2017-02-01,0.0323846908734053,"e1vfvn30"
"473",2017-03-01,0.0171102661596958,"e1vfvn30"
"474",2017-04-01,0.0598130841121496,"e1vfvn30"
"475",2017-05-01,-0.0141093474426808,"e1vfvn30"
"476",2017-06-01,0.0545617173524149,"e1vfvn30"
"477",2017-07-01,0.0712468193384226,"e1vfvn30"
"478",2017-08-01,-0.0150435471100555,"e1vfvn30"
"479",2017-09-01,0.020096463022508,"e1vfvn30"
"480",2017-10-01,0.021276595744681,"e1vfvn30"
"481",2017-11-01,0.0609567901234567,"e1vfvn30"
"482",2017-12-01,0.144,"e1vfvn30"
"483",2018-01-01,0.0432294977749523,"e1vfvn30"
"484",2018-02-01,0.0847044485070079,"e1vfvn30"
"485",2018-03-01,0.0196629213483144,"e1vfvn30"
"486",2018-04-01,0.0523415977961434,"e1vfvn30"
"487",2018-05-01,-0.141361256544503,"e1vfvn30"
"488",2018-06-01,-0.0219512195121951,"e1vfvn30"
"489",2018-07-01,-0.0442643391521197,"e1vfvn30"
"490",2018-08-01,0.0143509458577953,"e1vfvn30"
"491",2018-09-01,0.0160771704180065,"e1vfvn30"
"492",2018-10-01,0.0411392405063291,"e1vfvn30"
"493",2018-11-01,-0.114285714285714,"e1vfvn30"
"494",2018-12-01,0.0418668496911461,"e1vfvn30"
"495",2019-01-01,-0.0711462450592886,"e1vfvn30"
"496",2019-02-01,0.00709219858156018,"e1vfvn30"
"497",2019-03-01,0.0598591549295775,"e1vfvn30"
"498",2019-04-01,-0.0073089700996678,"e1vfvn30"
"499",2019-05-01,-0.0147255689424364,"e1vfvn30"
"500",2019-06-01,-0.0421195652173914,"e1vfvn30"
"501",2019-07-01,0.0319148936170213,"e1vfvn30"
"502",2019-08-01,0.00893470790378004,"e1vfvn30"
"503",2019-09-01,0.00681198910081737,"e1vfvn30"
"504",2019-10-01,0.0487144790257104,"e1vfvn30"
"505",2019-11-01,0,"e1vfvn30"
"506",2019-12-01,-0.0548387096774193,"e1vfvn30"
"507",2020-01-01,0.00887372013651877,"e1vfvn30"
"508",2020-02-01,-0.0548037889039241,"e1vfvn30"
"509",2020-03-01,0.00143163922691469,"e1vfvn30"
"510",2020-04-01,-0.258041458184417,"e1vfvn30"
"511",2020-05-01,0.146435452793834,"e1vfvn30"
"512",2020-06-01,0.150420168067227,"e1vfvn30"
"513",2020-07-01,-0.0284879474068662,"e1vfvn30"
"514",2020-08-01,-0.0511278195488722,"e1vfvn30"
"515",2020-09-01,0.107765451664025,"e1vfvn30"
"516",2020-10-01,0.0407725321888412,"e1vfvn30"
"517",2020-11-01,0.0281786941580755,"e1vfvn30"
"518",2020-12-01,0.0909090909090908,"e1vfvn30"
"519",2021-01-01,0.123161764705882,"e1vfvn30"
"520",2021-02-01,-0.0327332242225858,"e1vfvn30"
"521",2021-03-01,0.129723632261703,"e1vfvn30"
"522",2021-04-01,0.0284573140289566,"e1vfvn30"
"523",2021-05-01,0.0776699029126213,"e1vfvn30"
"524",2021-06-01,0.124774774774775,"e1vfvn30"
"525",2021-07-01,0.0368442130556668,"e1vfvn30"
"526",2014-03-01,0,"enf"
"527",2014-04-01,-0.000299940011997624,"enf"
"528",2014-05-01,-0.0203020302030203,"enf"
"529",2014-06-01,-0.0190894242547979,"enf"
"530",2014-07-01,0.0439171609949005,"enf"
"531",2014-08-01,0.022330774598744,"enf"
"532",2014-09-01,0.0472940029254023,"enf"
"533",2014-10-01,0.0329608938547485,"enf"
"534",2014-11-01,-0.0088336037497746,"enf"
"535",2014-12-01,-0.00973081120407426,"enf"
"536",2015-01-01,-0.0260813665166681,"enf"
"537",2015-02-01,-0.0313059877416313,"enf"
"538",2015-03-01,0.0659982478341283,"enf"
"539",2015-04-01,-0.0290384439777189,"enf"
"540",2015-05-01,-0.00357377974231166,"enf"
"541",2015-06-01,0.0387918829636622,"enf"
"542",2015-07-01,0.0379792840268944,"enf"
"543",2015-08-01,0.0154936974789917,"enf"
"544",2015-09-01,-0.0339625894319455,"enf"
"545",2015-10-01,0.0334612295886501,"enf"
"546",2015-11-01,0.0562079088240373,"enf"
"547",2015-12-01,-0.0166762037112728,"enf"
"548",2016-01-01,-0.0145481752431623,"enf"
"549",2016-02-01,-0.0113042011135481,"enf"
"550",2016-03-01,0.0504266211604096,"enf"
"551",2016-04-01,0.0153521241166437,"enf"
"552",2016-05-01,0.0149600000000001,"enf"
"553",2016-06-01,0.0191534641759281,"enf"
"554",2016-07-01,0.097138437741686,"enf"
"555",2016-08-01,-0.0389116029888622,"enf"
"556",2016-09-01,0.0606571805779668,"enf"
"557",2016-10-01,0.0206071502662333,"enf"
"558",2016-11-01,-0.0392303001558371,"enf"
"559",2016-12-01,-0.0116361071932299,"enf"
"560",2017-01-01,0.0161255797359972,"enf"
"561",2017-02-01,0.0219787936240432,"enf"
"562",2017-03-01,0.0201319224955339,"enf"
"563",2017-04-01,0.0477537549673335,"enf"
"564",2017-05-01,0.0160066855232708,"enf"
"565",2017-06-01,0.0530211958241062,"enf"
"566",2017-07-01,0.043381601874662,"enf"
"567",2017-08-01,0.00495249064209613,"enf"
"568",2017-09-01,-0.00418314136725684,"enf"
"569",2017-10-01,0.00966739555760165,"enf"
"570",2017-11-01,-0.00626923515331135,"enf"
"571",2017-12-01,0.0973273686625373,"enf"
"572",2018-01-01,0.0490252443422359,"enf"
"573",2018-02-01,0.0508195904538886,"enf"
"574",2018-03-01,0.0377886302214214,"enf"
"575",2018-04-01,0.0179550438596492,"enf"
"576",2018-05-01,-0.0940711817243391,"enf"
"577",2018-06-01,0.00648996779786981,"enf"
"578",2018-07-01,-0.154951762157905,"enf"
"579",2018-08-01,0.0768289841565704,"enf"
"580",2018-09-01,0.0161194352788445,"enf"
"581",2018-10-01,0.0543518764972053,"enf"
"582",2018-11-01,-0.0804806624255276,"enf"
"583",2018-12-01,0.0205908192400615,"enf"
"584",2019-01-01,-0.0527250228654436,"enf"
"585",2019-02-01,0.0566820014766853,"enf"
"586",2019-03-01,0.0136522440204245,"enf"
"587",2019-04-01,-0.0038708309030171,"enf"
"588",2019-05-01,-0.0128287022250612,"enf"
"589",2019-06-01,0.00539228902669175,"enf"
"590",2019-07-01,0.0234379190131402,"enf"
"591",2019-08-01,0.0215910281941096,"enf"
"592",2019-09-01,0.0248281522519749,"enf"
"593",2019-10-01,0.025778356191811,"enf"
"594",2019-11-01,0.0111745474064315,"enf"
"595",2019-12-01,-0.0394749541550043,"enf"
"596",2020-01-01,0.015825964630225,"enf"
"597",2020-02-01,0.00395667441515402,"enf"
"598",2020-03-01,-0.0108872358244249,"enf"
"599",2020-04-01,-0.129196135073214,"enf"
"600",2020-05-01,0.0738961336078701,"enf"
"601",2020-06-01,0.0423945462292288,"enf"
"602",2020-07-01,-0.0212548538728796,"enf"
"603",2020-08-01,0.016809354771351,"enf"
"604",2020-09-01,0.0520073929561558,"enf"
"605",2020-10-01,0.0169830657361769,"enf"
"606",2020-11-01,0.013676280051826,"enf"
"607",2020-12-01,0.0634349555008522,"enf"
"608",2021-01-01,0.0842236467236468,"enf"
"609",2021-02-01,0.00648710789949081,"enf"
"610",2021-03-01,0.0389165374887819,"enf"
"611",2021-04-01,0.0253651641275325,"enf"
"612",2021-05-01,0.0295243930458757,"enf"
"613",2021-06-01,0.116644969313744,"enf"
"614",2021-07-01,0.0284467539389095,"enf"
"615",2014-11-01,0,"mafeqi"
"616",2014-12-01,-0.0801115982463133,"mafeqi"
"617",2015-01-01,-0.0514514731369151,"mafeqi"
"618",2015-02-01,0.0411099691675232,"mafeqi"
"619",2015-03-01,0.0311505977843589,"mafeqi"
"620",2015-04-01,-0.0931815764280396,"mafeqi"
"621",2015-05-01,0.00774193548387103,"mafeqi"
"622",2015-06-01,0.0422535211267605,"mafeqi"
"623",2015-07-01,0.0972749609113246,"mafeqi"
"624",2015-08-01,-0.0315521628498727,"mafeqi"
"625",2015-09-01,-0.0864950078822911,"mafeqi"
"626",2015-10-01,0.0330188679245282,"mafeqi"
"627",2015-11-01,0.0506737944091771,"mafeqi"
"628",2015-12-01,-0.0739877040491838,"mafeqi"
"629",2016-01-01,0.00812728937728946,"mafeqi"
"630",2016-02-01,-0.0521176337004655,"mafeqi"
"631",2016-03-01,0.0757067561092477,"mafeqi"
"632",2016-04-01,-0.0349665924276169,"mafeqi"
"633",2016-05-01,0.0594276482806371,"mafeqi"
"634",2016-06-01,0.0352902733906981,"mafeqi"
"635",2016-07-01,0.0456601788532351,"mafeqi"
"636",2016-08-01,0.000804909950699262,"mafeqi"
"637",2016-09-01,0.0717804363124561,"mafeqi"
"638",2016-10-01,0.0123815777131602,"mafeqi"
"639",2016-11-01,-0.0513295654590938,"mafeqi"
"640",2016-12-01,-0.0147475339388612,"mafeqi"
"641",2017-01-01,-0.0145717684377478,"mafeqi"
"642",2017-02-01,0.0442611407303088,"mafeqi"
"643",2017-03-01,0.00115595800019275,"mafeqi"
"644",2017-04-01,0.0374290387760994,"mafeqi"
"645",2017-05-01,-0.00843999258022632,"mafeqi"
"646",2017-06-01,0.0379758675521467,"mafeqi"
"647",2017-07-01,0.0597458772641255,"mafeqi"
"648",2017-08-01,-0.0272108843537415,"mafeqi"
"649",2017-09-01,-0.0102272727272728,"mafeqi"
"650",2017-10-01,0.0167800052989491,"mafeqi"
"651",2017-11-01,0.0229306001910883,"mafeqi"
"652",2017-12-01,0.160567207268405,"mafeqi"
"653",2018-01-01,0.0830406789581504,"mafeqi"
"654",2018-02-01,0.0875498209822334,"mafeqi"
"655",2018-03-01,-0.00118019752779674,"mafeqi"
"656",2018-04-01,0.0194029850746269,"mafeqi"
"657",2018-05-01,-0.121888726207906,"mafeqi"
"658",2018-06-01,-0.0567597610115326,"mafeqi"
"659",2018-07-01,-0.0501583560433085,"mafeqi"
"660",2018-08-01,-0.0147332506203474,"mafeqi"
"661",2018-09-01,0.0267590114906344,"mafeqi"
"662",2018-10-01,0.0113444734018089,"mafeqi"
"663",2018-11-01,-0.109140518417463,"mafeqi"
"664",2018-12-01,-0.00467925812489367,"mafeqi"
"665",2019-01-01,-0.0538507564749123,"mafeqi"
"666",2019-02-01,0.0341494263257747,"mafeqi"
"667",2019-03-01,0.0669170961824059,"mafeqi"
"668",2019-04-01,-0.00147383935151069,"mafeqi"
"669",2019-05-01,-0.00828208282082821,"mafeqi"
"670",2019-06-01,-0.0135604431949727,"mafeqi"
"671",2019-07-01,0.0126571668063704,"mafeqi"
"672",2019-08-01,0.0149822034599785,"mafeqi"
"673",2019-09-01,-0.00530092970151685,"mafeqi"
"674",2019-10-01,0.00344346970566534,"mafeqi"
"675",2019-11-01,0.0146253778903505,"mafeqi"
"676",2019-12-01,-0.0565308423256563,"mafeqi"
"677",2020-01-01,0.000426766814612511,"mafeqi"
"678",2020-02-01,-0.0243153314563603,"mafeqi"
"679",2020-03-01,-0.0275445960125918,"mafeqi"
"680",2020-04-01,-0.268411114108444,"mafeqi"
"681",2020-05-01,0.142944936086529,"mafeqi"
"682",2020-06-01,0.16345843639101,"mafeqi"
"683",2020-07-01,-0.0515759312320917,"mafeqi"
"684",2020-08-01,-0.0657830620797193,"mafeqi"
"685",2020-09-01,0.139682870853328,"mafeqi"
"686",2020-10-01,0.0212356979405035,"mafeqi"
"687",2020-11-01,-0.0165815183293,"mafeqi"
"688",2020-12-01,0.11091870215093,"mafeqi"
"689",2021-01-01,0.0854869144310444,"mafeqi"
"690",2021-02-01,0.0570629582042175,"mafeqi"
"691",2021-03-01,0.0285285285285286,"mafeqi"
"692",2021-04-01,0.02711157455683,"mafeqi"
"693",2021-05-01,0.0301861252115059,"mafeqi"
"694",2021-06-01,0.107023191643125,"mafeqi"
"695",2021-07-01,0.0440356083086053,"mafeqi"
"696",2014-05-01,0,"mbvf"
"697",2014-06-01,0.0219978002199781,"mbvf"
"698",2014-07-01,0.0345367380882498,"mbvf"
"699",2014-08-01,0.0105920181577455,"mbvf"
"700",2014-09-01,0.0109489051094891,"mbvf"
"701",2014-10-01,0.0224011848560586,"mbvf"
"702",2014-11-01,0.00669986419194202,"mbvf"
"703",2014-12-01,0.00143897832538897,"mbvf"
"704",2015-01-01,0.00889088459811416,"mbvf"
"705",2015-02-01,-0.0196724230016023,"mbvf"
"706",2015-03-01,0.0145282847543813,"mbvf"
"707",2015-04-01,-0.028550971091023,"mbvf"
"708",2015-05-01,-0.0373134328358209,"mbvf"
"709",2015-06-01,0.00995310556034079,"mbvf"
"710",2015-07-01,0.000947597839476844,"mbvf"
"711",2015-08-01,0.0162832528637697,"mbvf"
"712",2015-09-01,-0.0297158826269213,"mbvf"
"713",2015-10-01,0.015168970814132,"mbvf"
"714",2015-11-01,0.0378286362776621,"mbvf"
"715",2015-12-01,-0.0123018042646255,"mbvf"
"716",2016-01-01,-0.00304456130639363,"mbvf"
"717",2016-02-01,-0.0194336479733481,"mbvf"
"718",2016-03-01,0.0175537938844847,"mbvf"
"719",2016-04-01,0.0261547022815805,"mbvf"
"720",2016-05-01,0.0157266811279826,"mbvf"
"721",2016-06-01,0.0132585869371775,"mbvf"
"722",2016-07-01,0.0227452357952052,"mbvf"
"723",2016-08-01,-0.0167439464193715,"mbvf"
"724",2016-09-01,0.0299537158326784,"mbvf"
"725",2016-10-01,0.0434966932338476,"mbvf"
"726",2016-11-01,-0.0139757861379702,"mbvf"
"727",2016-12-01,0.00667490729295417,"mbvf"
"728",2017-01-01,-0.00335625409299278,"mbvf"
"729",2017-02-01,0.0022997946611909,"mbvf"
"730",2017-03-01,0.033680242563304,"mbvf"
"731",2017-04-01,0.00887902330743628,"mbvf"
"732",2017-05-01,-0.00267169574100268,"mbvf"
"733",2017-06-01,0.0212732429877087,"mbvf"
"734",2017-07-01,0.0264619657460268,"mbvf"
"735",2017-08-01,0.00150319428786161,"mbvf"
"736",2017-09-01,0.0144840525328329,"mbvf"
"737",2017-10-01,0.000591803521230894,"mbvf"
"738",2017-11-01,0.0121987283749816,"mbvf"
"739",2017-12-01,0.032722226280038,"mbvf"
"740",2018-01-01,0.0108918593959968,"mbvf"
"741",2018-02-01,0.0176310081858253,"mbvf"
"742",2018-03-01,-0.0103815744242007,"mbvf"
"743",2018-04-01,0.0196609698485479,"mbvf"
"744",2018-05-01,-0.0261633848879199,"mbvf"
"745",2018-06-01,0.0130133631847758,"mbvf"
"746",2018-07-01,-0.0564265487948062,"mbvf"
"747",2018-08-01,0.0316205533596838,"mbvf"
"748",2018-09-01,0.0125585355470412,"mbvf"
"749",2018-10-01,0.051783336836942,"mbvf"
"750",2018-11-01,-0.0549633577614923,"mbvf"
"751",2018-12-01,0.0433556573845613,"mbvf"
"752",2019-01-01,-0.0346621621621621,"mbvf"
"753",2019-02-01,0.0294673479386856,"mbvf"
"754",2019-03-01,0.0465053032363341,"mbvf"
"755",2019-04-01,-0.00578222453222454,"mbvf"
"756",2019-05-01,-0.0417565183297393,"mbvf"
"757",2019-06-01,-0.0272776868521549,"mbvf"
"758",2019-07-01,-0.00049074593381937,"mbvf"
"759",2019-08-01,0.0105211475064881,"mbvf"
"760",2019-09-01,-0.00791282015686823,"mbvf"
"761",2019-10-01,0.0162317218218708,"mbvf"
"762",2019-11-01,0.00296041308089512,"mbvf"
"763",2019-12-01,-0.0264964305326744,"mbvf"
"764",2020-01-01,0.00500634607248629,"mbvf"
"765",2020-02-01,-0.0397109380481302,"mbvf"
"766",2020-03-01,0.0385767516621611,"mbvf"
"767",2020-04-01,-0.17263454097784,"mbvf"
"768",2020-05-01,0.0967604795510586,"mbvf"
"769",2020-06-01,0.108613070780681,"mbvf"
"770",2020-07-01,-0.00839160839160835,"mbvf"
"771",2020-08-01,0.0325811001410437,"mbvf"
"772",2020-09-01,0.0689796475891271,"mbvf"
"773",2020-10-01,0.0274086378737541,"mbvf"
"774",2020-11-01,0.0152353709346433,"mbvf"
"775",2020-12-01,0.0295847115031238,"mbvf"
"776",2021-01-01,0.0119578797072997,"mbvf"
"777",2021-02-01,-0.00546737213403881,"mbvf"
"778",2021-03-01,0.0291422829106815,"mbvf"
"779",2021-04-01,-0.000804135554279162,"mbvf"
"780",2021-05-01,-0.00563347896068067,"mbvf"
"781",2021-06-01,0.0638224072147069,"mbvf"
"782",2021-07-01,-0.0019019671774807,"mbvf"
"783",2014-09-01,0,"ssisca"
"784",2014-10-01,0.0498190000000001,"ssisca"
"785",2014-11-01,-0.0214293130530121,"ssisca"
"786",2014-12-01,-0.0368707146473339,"ssisca"
"787",2015-01-01,-0.00418720008408768,"ssisca"
"788",2015-02-01,-0.00407601331978757,"ssisca"
"789",2015-03-01,0.0215840476094149,"ssisca"
"790",2015-04-01,-0.0194958427476272,"ssisca"
"791",2015-05-01,0.00108228422403389,"ssisca"
"792",2015-06-01,0.00284160864663674,"ssisca"
"793",2015-07-01,0.0343064975916643,"ssisca"
"794",2015-08-01,0.0388601594695062,"ssisca"
"795",2015-09-01,-0.0266585934493764,"ssisca"
"796",2015-10-01,0.0465480654632133,"ssisca"
"797",2015-11-01,0.0595165679229752,"ssisca"
"798",2015-12-01,-0.00535150491413905,"ssisca"
"799",2016-01-01,0.00628257807976795,"ssisca"
"800",2016-02-01,-0.0380250013532651,"ssisca"
"801",2016-03-01,0.0698922242642888,"ssisca"
"802",2016-04-01,0.0203251687684611,"ssisca"
"803",2016-05-01,0.0328135990036531,"ssisca"
"804",2016-06-01,0.0159032474630956,"ssisca"
"805",2016-07-01,0.0821858325317071,"ssisca"
"806",2016-08-01,-0.0452444026599538,"ssisca"
"807",2016-09-01,0.110602739684005,"ssisca"
"808",2016-10-01,0.0179302649005708,"ssisca"
"809",2016-11-01,-0.0370434940697305,"ssisca"
"810",2016-12-01,-0.019965833641535,"ssisca"
"811",2017-01-01,0.0359751377065418,"ssisca"
"812",2017-02-01,0.00893333546114405,"ssisca"
"813",2017-03-01,0.0148558633277078,"ssisca"
"814",2017-04-01,0.0556004304374578,"ssisca"
"815",2017-05-01,-0.0066139926740868,"ssisca"
"816",2017-06-01,0.0951103586210909,"ssisca"
"817",2017-07-01,0.036020167186543,"ssisca"
"818",2017-08-01,-0.0264861093311688,"ssisca"
"819",2017-09-01,0.0299823189447064,"ssisca"
"820",2017-10-01,0.0135677926675413,"ssisca"
"821",2017-11-01,-0.0252686761897077,"ssisca"
"822",2017-12-01,0.0969010767489051,"ssisca"
"823",2018-01-01,0.0583934259695589,"ssisca"
"824",2018-02-01,0.0253666272276092,"ssisca"
"825",2018-03-01,0.0554475339649763,"ssisca"
"826",2018-04-01,0.0152318946378782,"ssisca"
"827",2018-05-01,-0.122580370339819,"ssisca"
"828",2018-06-01,0.0476408888993007,"ssisca"
"829",2018-07-01,-0.153421252834751,"ssisca"
"830",2018-08-01,0.0411829186237473,"ssisca"
"831",2018-09-01,0.0473595729839729,"ssisca"
"832",2018-10-01,0.0381009090590383,"ssisca"
"833",2018-11-01,-0.0704577260295701,"ssisca"
"834",2018-12-01,-0.00045138351800611,"ssisca"
"835",2019-01-01,-0.0402321930018277,"ssisca"
"836",2019-02-01,-0.0100050913414661,"ssisca"
"837",2019-03-01,0.0526883553962145,"ssisca"
"838",2019-04-01,0.0066016940137783,"ssisca"
"839",2019-05-01,-0.00523569087107068,"ssisca"
"840",2019-06-01,-0.0297649518956106,"ssisca"
"841",2019-07-01,0.00850725722676526,"ssisca"
"842",2019-08-01,0.0267418071823757,"ssisca"
"843",2019-09-01,0.0319777178898331,"ssisca"
"844",2019-10-01,0.0223633192136163,"ssisca"
"845",2019-11-01,-0.0147345814463793,"ssisca"
"846",2019-12-01,-0.0320132722162728,"ssisca"
"847",2020-01-01,-0.0150464807509152,"ssisca"
"848",2020-02-01,-0.0288027655673611,"ssisca"
"849",2020-03-01,-0.00957807741111705,"ssisca"
"850",2020-04-01,-0.277017150848701,"ssisca"
"851",2020-05-01,0.241970382405094,"ssisca"
"852",2020-06-01,0.064490230377557,"ssisca"
"853",2020-07-01,-0.015651251545136,"ssisca"
"854",2020-08-01,-0.0183392661730749,"ssisca"
"855",2020-09-01,0.0771114173455936,"ssisca"
"856",2020-10-01,0.0311267308963006,"ssisca"
"857",2020-11-01,0.0170470635826581,"ssisca"
"858",2020-12-01,0.0768487546679248,"ssisca"
"859",2021-01-01,0.097443654360607,"ssisca"
"860",2021-02-01,-0.00641465611091907,"ssisca"
"861",2021-03-01,0.111078607895938,"ssisca"
"862",2021-04-01,0.0152950055976269,"ssisca"
"863",2021-05-01,0.0359563090339863,"ssisca"
"864",2021-06-01,0.0985916961483584,"ssisca"
"865",2021-07-01,0.0471080383575044,"ssisca"
"866",2015-09-01,0,"tcef"
"867",2015-10-01,-0.00280000000000002,"tcef"
"868",2015-11-01,0.0500401123144805,"tcef"
"869",2015-12-01,-0.0642727533186898,"tcef"
"870",2016-01-01,-0.0200040824658093,"tcef"
"871",2016-02-01,-0.0614455321807956,"tcef"
"872",2016-03-01,0.0294052374611629,"tcef"
"873",2016-04-01,0.00776112967554177,"tcef"
"874",2016-05-01,0.0404321317787999,"tcef"
"875",2016-06-01,0.0418422946437751,"tcef"
"876",2016-07-01,0.0668048154726664,"tcef"
"877",2016-08-01,0.00323744334474152,"tcef"
"878",2016-09-01,0.0428729485524617,"tcef"
"879",2016-10-01,0.0422597471487931,"tcef"
"880",2016-11-01,-0.051488675884299,"tcef"
"881",2016-12-01,-0.0159184403505634,"tcef"
"882",2017-01-01,-0.0151762995274446,"tcef"
"883",2017-02-01,0.0104272400110732,"tcef"
"884",2017-03-01,0.0355251141552511,"tcef"
"885",2017-04-01,0.00123467677925748,"tcef"
"886",2017-05-01,-0.0364661322998326,"tcef"
"887",2017-06-01,0.0688362738824391,"tcef"
"888",2017-07-01,0.0407971262401643,"tcef"
"889",2017-08-01,-0.00756019393540963,"tcef"
"890",2017-09-01,0.00935662830173056,"tcef"
"891",2017-10-01,0.026825266611977,"tcef"
"892",2017-11-01,0.0170967484221458,"tcef"
"893",2017-12-01,0.109967795145707,"tcef"
"894",2018-01-01,0.0600099072960159,"tcef"
"895",2018-02-01,0.144535683289939,"tcef"
"896",2018-03-01,-0.0637540830611293,"tcef"
"897",2018-04-01,0.028284842065915,"tcef"
"898",2018-05-01,-0.0783398970009088,"tcef"
"899",2018-06-01,-0.0545621877465159,"tcef"
"900",2018-07-01,-0.0559032123487693,"tcef"
"901",2018-08-01,0.000883782589482962,"tcef"
"902",2018-09-01,0.00323767476085357,"tcef"
"903",2018-10-01,0.0111485990905089,"tcef"
"904",2018-11-01,-0.0772522849267373,"tcef"
"905",2018-12-01,-0.0084112884207217,"tcef"
"906",2019-01-01,-0.00277469478357384,"tcef"
"907",2019-02-01,0.008267747833691,"tcef"
"908",2019-03-01,0.00780572419774495,"tcef"
"909",2019-04-01,0.00250352057580971,"tcef"
"910",2019-05-01,-0.00265334790073357,"tcef"
"911",2019-06-01,-0.00469483568075113,"tcef"
"912",2019-07-01,-0.00518867924528299,"tcef"
"913",2019-08-01,0.0228386281017861,"tcef"
"914",2019-09-01,0.00239511705168827,"tcef"
"915",2019-10-01,0.0326036688762139,"tcef"
"916",2019-11-01,0.00649399119205785,"tcef"
"917",2019-12-01,-0.029219816078315,"tcef"
"918",2020-01-01,0.0155080213903744,"tcef"
"919",2020-02-01,-0.0117354998871586,"tcef"
"920",2020-03-01,-0.0275557585445688,"tcef"
"921",2020-04-01,-0.237181996086106,"tcef"
"922",2020-05-01,0.133196511031298,"tcef"
"923",2020-06-01,0.0749796251018744,"tcef"
"924",2020-07-01,-0.031758065874821,"tcef"
"925",2020-08-01,-0.0321907081955803,"tcef"
"926",2020-09-01,0.115875584322186,"tcef"
"927",2020-10-01,0.0382663336824298,"tcef"
"928",2020-11-01,0.00884543761638734,"tcef"
"929",2020-12-01,0.0652976465159207,"tcef"
"930",2021-01-01,0.0756624070464227,"tcef"
"931",2021-02-01,-0.00657762265923889,"tcef"
"932",2021-03-01,0.076346192824809,"tcef"
"933",2021-04-01,0.012177515535748,"tcef"
"934",2021-05-01,0.0840310077519379,"tcef"
"935",2021-06-01,0.089816933638444,"tcef"
"936",2021-07-01,0.038740157480315,"tcef"
"937",2014-08-01,0,"vcbfbcf"
"938",2014-09-01,0.00150105073551488,"vcbfbcf"
"939",2014-10-01,0.00209832134292576,"vcbfbcf"
"940",2014-11-01,-0.00528467444411207,"vcbfbcf"
"941",2014-12-01,-0.0193464314354451,"vcbfbcf"
"942",2015-01-01,-0.0182970458959419,"vcbfbcf"
"943",2015-02-01,0.00124947938359021,"vcbfbcf"
"944",2015-03-01,0.0322379367720467,"vcbfbcf"
"945",2015-04-01,-0.0253878702397743,"vcbfbcf"
"946",2015-05-01,0.0326648749224725,"vcbfbcf"
"947",2015-06-01,-0.00830830830830831,"vcbfbcf"
"948",2015-07-01,0.0364388815988694,"vcbfbcf"
"949",2015-08-01,0.0267822360732373,"vcbfbcf"
"950",2015-09-01,-0.0223845205349521,"vcbfbcf"
"951",2015-10-01,0.0362860192102454,"vcbfbcf"
"952",2015-11-01,0.0969010392285365,"vcbfbcf"
"953",2015-12-01,-0.00879139638101745,"vcbfbcf"
"954",2016-01-01,0.00912770171359689,"vcbfbcf"
"955",2016-02-01,-0.0413857837699463,"vcbfbcf"
"956",2016-03-01,0.0822503115542104,"vcbfbcf"
"957",2016-04-01,0.0164500740253331,"vcbfbcf"
"958",2016-05-01,0.020391649134164,"vcbfbcf"
"959",2016-06-01,0.0459952418715306,"vcbfbcf"
"960",2016-07-01,0.0814253222137984,"vcbfbcf"
"961",2016-08-01,-0.018508132361189,"vcbfbcf"
"962",2016-09-01,0.0672857142857144,"vcbfbcf"
"963",2016-10-01,0.0024093160219516,"vcbfbcf"
"964",2016-11-01,-0.0234343704099346,"vcbfbcf"
"965",2016-12-01,-0.0368496615847406,"vcbfbcf"
"966",2017-01-01,0.006175468483816,"vcbfbcf"
"967",2017-02-01,0.0236331569664903,"vcbfbcf"
"968",2017-03-01,0.0558235699517573,"vcbfbcf"
"969",2017-04-01,0.0280678851174934,"vcbfbcf"
"970",2017-05-01,0.00907936507936502,"vcbfbcf"
"971",2017-06-01,0.0699049896180708,"vcbfbcf"
"972",2017-07-01,0.0354622441778405,"vcbfbcf"
"973",2017-08-01,-0.0127790083489521,"vcbfbcf"
"974",2017-09-01,-0.00851455528707856,"vcbfbcf"
"975",2017-10-01,-0.00307531623534874,"vcbfbcf"
"976",2017-11-01,0.000465630638496028,"vcbfbcf"
"977",2017-12-01,0.0927919017976613,"vcbfbcf"
"978",2018-01-01,0.040513202725724,"vcbfbcf"
"979",2018-02-01,-0.0479918137631108,"vcbfbcf"
"980",2018-03-01,0.0979201375826302,"vcbfbcf"
"981",2018-04-01,0.010181604581722,"vcbfbcf"
"982",2018-05-01,-0.0836846440858652,"vcbfbcf"
"983",2018-06-01,-0.002221047065045,"vcbfbcf"
"984",2018-07-01,-0.0943926224295103,"vcbfbcf"
"985",2018-08-01,0.0466436472171827,"vcbfbcf"
"986",2018-09-01,0.0404831133974501,"vcbfbcf"
"987",2018-10-01,0.0673903697334479,"vcbfbcf"
"988",2018-11-01,-0.0846843218205618,"vcbfbcf"
"989",2018-12-01,0.0316831683168317,"vcbfbcf"
"990",2019-01-01,-0.0531563233098742,"vcbfbcf"
"991",2019-02-01,0.0102483247930627,"vcbfbcf"
"992",2019-03-01,0.0539546290619253,"vcbfbcf"
"993",2019-04-01,-0.00930773705642818,"vcbfbcf"
"994",2019-05-01,-0.0065125713980676,"vcbfbcf"
"995",2019-06-01,-0.0384181398097899,"vcbfbcf"
"996",2019-07-01,0.0125726419311578,"vcbfbcf"
"997",2019-08-01,-0.00678770487279956,"vcbfbcf"
"998",2019-09-01,0.0342815868429827,"vcbfbcf"
"999",2019-10-01,0.0269137792103142,"vcbfbcf"
"1000",2019-11-01,0.00716677129106502,"vcbfbcf"
"1001",2019-12-01,-0.0574455928946138,"vcbfbcf"
"1002",2020-01-01,0.00810051248140198,"vcbfbcf"
"1003",2020-02-01,-0.0487591560074341,"vcbfbcf"
"1004",2020-03-01,0.00867716354442027,"vcbfbcf"
"1005",2020-04-01,-0.255397937674472,"vcbfbcf"
"1006",2020-05-01,0.150726855394032,"vcbfbcf"
"1007",2020-06-01,0.0745345744680852,"vcbfbcf"
"1008",2020-07-01,-0.0183775756450715,"vcbfbcf"
"1009",2020-08-01,0.00504286434694912,"vcbfbcf"
"1010",2020-09-01,0.0785248369292524,"vcbfbcf"
"1011",2020-10-01,0.0508257734356827,"vcbfbcf"
"1012",2020-11-01,0.00736026563364689,"vcbfbcf"
"1013",2020-12-01,0.0859199033126408,"vcbfbcf"
"1014",2021-01-01,0.11569788030556,"vcbfbcf"
"1015",2021-02-01,-0.0506937517003718,"vcbfbcf"
"1016",2021-03-01,0.128391287734047,"vcbfbcf"
"1017",2021-04-01,0.0368269556383338,"vcbfbcf"
"1018",2021-05-01,-0.0106148444517025,"vcbfbcf"
"1019",2021-06-01,0.118016010563671,"vcbfbcf"
"1020",2021-07-01,0.0463940355798331,"vcbfbcf"
"1021",2014-07-01,0,"veof"
"1022",2014-08-01,-0.00179748352306774,"veof"
"1023",2014-09-01,-0.00230092036814722,"veof"
"1024",2014-10-01,0.055650255690364,"veof"
"1025",2014-11-01,-0.0232712765957447,"veof"
"1026",2014-12-01,-0.04551201011378,"veof"
"1027",2015-01-01,-0.0470708099847172,"veof"
"1028",2015-02-01,0.0208489254784561,"veof"
"1029",2015-03-01,0.0153958944281525,"veof"
"1030",2015-04-01,-0.0299123259412069,"veof"
"1031",2015-05-01,-0.0177565124933546,"veof"
"1032",2015-06-01,0.0034639532366314,"veof"
"1033",2015-07-01,0.0811218985976268,"veof"
"1034",2015-08-01,-0.00109758531231297,"veof"
"1035",2015-09-01,-0.0219758265907501,"veof"
"1036",2015-10-01,0.0567868450617914,"veof"
"1037",2015-11-01,0.0316033632937083,"veof"
"1038",2015-12-01,-0.0320404721753794,"veof"
"1039",2016-01-01,-0.00435540069686413,"veof"
"1040",2016-02-01,-0.0173033926314766,"veof"
"1041",2016-03-01,0.0624196260757741,"veof"
"1042",2016-04-01,-0.00903165735567968,"veof"
"1043",2016-05-01,0.00920793009489795,"veof"
"1044",2016-06-01,0.0127548645377524,"veof"
"1045",2016-07-01,0.0921125206839493,"veof"
"1046",2016-08-01,0.00151515151515147,"veof"
"1047",2016-09-01,0.0382417212976971,"veof"
"1048",2016-10-01,0.0704282360560189,"veof"
"1049",2016-11-01,-0.0874234288739318,"veof"
"1050",2016-12-01,-0.0103588298665783,"veof"
"1051",2017-01-01,0.00854128286719136,"veof"
"1052",2017-02-01,0.0194287612089008,"veof"
"1053",2017-03-01,0.024515393386545,"veof"
"1054",2017-04-01,0.0255187216789887,"veof"
"1055",2017-05-01,-0.0310852713178295,"veof"
"1056",2017-06-01,0.0336026882150573,"veof"
"1057",2017-07-01,0.0508553293598575,"veof"
"1058",2017-08-01,-0.0291691219799647,"veof"
"1059",2017-09-01,0.0133535660091046,"veof"
"1060",2017-10-01,0.0179694519317162,"veof"
"1061",2017-11-01,-0.0360400117681671,"veof"
"1062",2017-12-01,0.135815656951015,"veof"
"1063",2018-01-01,0.0252586322719333,"veof"
"1064",2018-02-01,0.0705674223561787,"veof"
"1065",2018-03-01,0.0412509945529103,"veof"
"1066",2018-04-01,0.0769411626403338,"veof"
"1067",2018-05-01,-0.125859622311975,"veof"
"1068",2018-06-01,-0.0104895104895105,"veof"
"1069",2018-07-01,-0.0642983341746592,"veof"
"1070",2018-08-01,-0.0036415132510621,"veof"
"1071",2018-09-01,0.00751269035532998,"veof"
"1072",2018-10-01,0.0487706569931479,"veof"
"1073",2018-11-01,-0.107545477837561,"veof"
"1074",2018-12-01,-0.000502404363740716,"veof"
"1075",2019-01-01,-0.0288668677294269,"veof"
"1076",2019-02-01,0.00931677018633548,"veof"
"1077",2019-03-01,0.0427106227106226,"veof"
"1078",2019-04-01,0.0170027401110096,"veof"
"1079",2019-05-01,-0.00193436960276339,"veof"
"1080",2019-06-01,-0.0335017650723334,"veof"
"1081",2019-07-01,0.0239203609539498,"veof"
"1082",2019-08-01,0.0302860740015387,"veof"
"1083",2019-09-01,0.0103190767141887,"veof"
"1084",2019-10-01,0.0324553151458138,"veof"
"1085",2019-11-01,0.0216726326065735,"veof"
"1086",2019-12-01,-0.0691807873614473,"veof"
"1087",2020-01-01,0.000889679715302405,"veof"
"1088",2020-02-01,-0.0383589743589744,"veof"
"1089",2020-03-01,-0.00931456200227532,"veof"
"1090",2020-04-01,-0.192133783104859,"veof"
"1091",2020-05-01,0.0421997157071783,"veof"
"1092",2020-06-01,0.130082686897963,"veof"
"1093",2020-07-01,-0.0226295541977823,"veof"
"1094",2020-08-01,-0.0177510226132592,"veof"
"1095",2020-09-01,0.0847803881511746,"veof"
"1096",2020-10-01,0.0323772272924816,"veof"
"1097",2020-11-01,0.0119974742159545,"veof"
"1098",2020-12-01,0.0924154187465336,"veof"
"1099",2021-01-01,0.0962746715745384,"veof"
"1100",2021-02-01,-0.0452124580294083,"veof"
"1101",2021-03-01,0.165646031649791,"veof"
"1102",2021-04-01,-0.00889466840052011,"veof"
"1103",2021-05-01,0.0565235646058571,"veof"
"1104",2021-06-01,0.115543192091799,"veof"
"1105",2021-07-01,0.0513425657924031,"veof"
"1106",2017-05-01,0,"vesaf"
"1107",2017-06-01,0.0326108570292305,"vesaf"
"1108",2017-07-01,0.0566146735990756,"vesaf"
"1109",2017-08-01,0.00920357207946054,"vesaf"
"1110",2017-09-01,0.0125507900677202,"vesaf"
"1111",2017-10-01,0.00802568218298561,"vesaf"
"1112",2017-11-01,-0.0157466383581033,"vesaf"
"1113",2017-12-01,0.101114506561208,"vesaf"
"1114",2018-01-01,0.044975920333034,"vesaf"
"1115",2018-02-01,0.0271051398219029,"vesaf"
"1116",2018-03-01,0.064187390676097,"vesaf"
"1117",2018-04-01,0.0514542985778603,"vesaf"
"1118",2018-05-01,-0.072045130157004,"vesaf"
"1119",2018-06-01,-0.019116677653263,"vesaf"
"1120",2018-07-01,-0.105585424133811,"vesaf"
"1121",2018-08-01,0.00475872432793456,"vesaf"
"1122",2018-09-01,0.0130452845866222,"vesaf"
"1123",2018-10-01,0.0448654855643045,"vesaf"
"1124",2018-11-01,-0.0708846848261245,"vesaf"
"1125",2018-12-01,0.0125887124028388,"vesaf"
"1126",2019-01-01,-0.0480600750938673,"vesaf"
"1127",2019-02-01,-0.00736260846699976,"vesaf"
"1128",2019-03-01,0.0478587196467992,"vesaf"
"1129",2019-04-01,0.00126400943793703,"vesaf"
"1130",2019-05-01,-0.00690119508500253,"vesaf"
"1131",2019-06-01,0.13728813559322,"vesaf"
"1132",2019-07-01,-0.100298062593145,"vesaf"
"1133",2019-08-01,0.0167301639887361,"vesaf"
"1134",2019-09-01,0.02297165200391,"vesaf"
"1135",2019-10-01,0.023889154323937,"vesaf"
"1136",2019-11-01,0.0255871830766838,"vesaf"
"1137",2019-12-01,-0.0603624781982255,"vesaf"
"1138",2020-01-01,-0.00046323944798643,"vesaf"
"1139",2020-02-01,-0.0465674519549852,"vesaf"
"1140",2020-03-01,0.00687385622741576,"vesaf"
"1141",2020-04-01,-0.16984477294595,"vesaf"
"1142",2020-05-01,0.0456714500500492,"vesaf"
"1143",2020-06-01,0.0910952062140844,"vesaf"
"1144",2020-07-01,0.0015406788044332,"vesaf"
"1145",2020-08-01,-0.0237928044388409,"vesaf"
"1146",2020-09-01,0.104007440326168,"vesaf"
"1147",2020-10-01,0.0708005153256737,"vesaf"
"1148",2020-11-01,-0.000201290255170017,"vesaf"
"1149",2020-12-01,0.102696372434281,"vesaf"
"1150",2021-01-01,0.116042408835221,"vesaf"
"1151",2021-02-01,-0.0355609699138871,"vesaf"
"1152",2021-03-01,0.169722353148356,"vesaf"
"1153",2021-04-01,0.0280827388322447,"vesaf"
"1154",2021-05-01,0.00557058824162793,"vesaf"
"1155",2021-06-01,0.141410582932367,"vesaf"
"1156",2021-07-01,0.0642125235411521,"vesaf"
"1157",2018-01-01,0,"vndaf"
"1158",2018-02-01,0.0495829999999999,"vndaf"
"1159",2018-03-01,0.0443747659784886,"vndaf"
"1160",2018-04-01,0.0268547052523451,"vndaf"
"1161",2018-05-01,-0.0489625486964673,"vndaf"
"1162",2018-06-01,0.00197107287084441,"vndaf"
"1163",2018-07-01,-0.138294767912899,"vndaf"
"1164",2018-08-01,0.0354294629535659,"vndaf"
"1165",2018-09-01,0.00924551073400881,"vndaf"
"1166",2018-10-01,0.03467194283188,"vndaf"
"1167",2018-11-01,-0.0124291908367613,"vndaf"
"1168",2018-12-01,0.00163336440643613,"vndaf"
"1169",2019-01-01,-0.0252161791424051,"vndaf"
"1170",2019-02-01,0.0193595923640912,"vndaf"
"1171",2019-03-01,0.0228982143220735,"vndaf"
"1172",2019-04-01,0.0011664569963532,"vndaf"
"1173",2019-05-01,-0.00449437532060071,"vndaf"
"1174",2019-06-01,-0.021620666205314,"vndaf"
"1175",2019-07-01,0.00754782843005164,"vndaf"
"1176",2019-08-01,0.00436713073128936,"vndaf"
"1177",2019-09-01,0.00305913109783762,"vndaf"
"1178",2019-10-01,0.0124314850511469,"vndaf"
"1179",2019-11-01,0.0118994412298108,"vndaf"
"1180",2019-12-01,-0.0437637105124972,"vndaf"
"1181",2020-01-01,0.00415808311444632,"vndaf"
"1182",2020-02-01,-0.0348431663971509,"vndaf"
"1183",2020-03-01,-0.00684910470223288,"vndaf"
"1184",2020-04-01,-0.144943609343275,"vndaf"
"1185",2020-05-01,0.0189330825717364,"vndaf"
"1186",2020-06-01,0.0960495957797076,"vndaf"
"1187",2020-07-01,-0.0296914050373098,"vndaf"
"1188",2020-08-01,0.00519858670257456,"vndaf"
"1189",2020-09-01,0.0678927464515398,"vndaf"
"1190",2020-10-01,0.0277322411695016,"vndaf"
"1191",2020-11-01,0.0274867485037624,"vndaf"
"1192",2020-12-01,0.0688026121945053,"vndaf"
"1193",2021-01-01,0.0968410273168396,"vndaf"
"1194",2021-02-01,0.0210223734591344,"vndaf"
"1195",2021-03-01,0.0555093731444567,"vndaf"
"1196",2021-04-01,0.000932221097127872,"vndaf"
"1197",2021-05-01,0.0772316338819752,"vndaf"
"1198",2021-06-01,0.0616997045521626,"vndaf"
"1199",2021-07-01,0.0313350752628689,"vndaf"
