date,price
2017-01-13,10000000
2017-01-14,10000000
2017-01-15,10000000
2017-01-16,10000000
2017-01-17,10000000
2017-01-18,10000000
2017-01-19,10000000
2017-01-20,10004632.95
2017-01-21,10004632.95
2017-01-22,10004632.95
2017-01-23,10004632.95
2017-01-24,10004632.95
2017-01-25,10004632.95
2017-01-26,10004632.95
2017-01-27,10030244.03
2017-01-28,10030244.03
2017-01-29,10030244.03
2017-01-30,10030244.03
2017-01-31,10030244.03
2017-02-01,10030244.03
2017-02-02,10030244.03
2017-02-03,10101871.36
2017-02-04,10101871.36
2017-02-05,10101871.36
2017-02-06,10101871.36
2017-02-07,10101871.36
2017-02-08,10101871.36
2017-02-09,10101871.36
2017-02-10,10165354.21
2017-02-11,10165354.21
2017-02-12,10165354.21
2017-02-13,10165354.21
2017-02-14,10165354.21
2017-02-15,10165354.21
2017-02-16,10165354.21
2017-02-17,10231803.14
2017-02-18,10231803.14
2017-02-19,10231803.14
2017-02-20,10231803.14
2017-02-21,10231803.14
2017-02-22,10231803.14
2017-02-23,10231803.14
2017-02-24,10244954.94
2017-02-25,10244954.94
2017-02-26,10244954.94
2017-02-27,10244954.94
2017-02-28,10244954.94
2017-03-01,10239187.38
2017-03-02,10239187.38
2017-03-03,10239187.38
2017-03-04,10239187.38
2017-03-05,10239187.38
2017-03-06,10239187.38
2017-03-07,10239187.38
2017-03-08,10303563.94
2017-03-09,10303563.94
2017-03-10,10303563.94
2017-03-11,10303563.94
2017-03-12,10303563.94
2017-03-13,10303563.94
2017-03-14,10303563.94
2017-03-15,10305046.07
2017-03-16,10305046.07
2017-03-17,10305046.07
2017-03-18,10305046.07
2017-03-19,10305046.07
2017-03-20,10305046.07
2017-03-21,10305046.07
2017-03-22,10364371.15
2017-03-23,10364371.15
2017-03-24,10364371.15
2017-03-25,10364371.15
2017-03-26,10364371.15
2017-03-27,10364371.15
2017-03-28,10364371.15
2017-03-29,10408864.24
2017-03-30,10408864.24
2017-03-31,10408864.24
2017-04-01,10408864.24
2017-04-02,10408864.24
2017-04-03,10408864.24
2017-04-04,10408864.24
2017-04-05,10444074.48
2017-04-06,10444074.48
2017-04-07,10444074.48
2017-04-08,10444074.48
2017-04-09,10444074.48
2017-04-10,10444074.48
2017-04-11,10444074.48
2017-04-12,10449473.95
2017-04-13,10449473.95
2017-04-14,10449473.95
2017-04-15,10449473.95
2017-04-16,10449473.95
2017-04-17,10449473.95
2017-04-18,10449473.95
2017-04-19,10421549.47
2017-04-20,10421549.47
2017-04-21,10421549.47
2017-04-22,10421549.47
2017-04-23,10421549.47
2017-04-24,10421549.47
2017-04-25,10421549.47
2017-04-26,10423516.46
2017-04-27,10423516.46
2017-04-28,10423516.46
2017-04-29,10423516.46
2017-04-30,10423516.46
2017-05-01,10423516.46
2017-05-02,10423516.46
2017-05-03,10508020.16
2017-05-04,10508020.16
2017-05-05,10508020.16
2017-05-06,10508020.16
2017-05-07,10508020.16
2017-05-08,10508020.16
2017-05-09,10508020.16
2017-05-10,10578311.06
2017-05-11,10578311.06
2017-05-12,10578311.06
2017-05-13,10578311.06
2017-05-14,10578311.06
2017-05-15,10578311.06
2017-05-16,10578311.06
2017-05-17,10613713.47
2017-05-18,10613713.47
2017-05-19,10613713.47
2017-05-20,10613713.47
2017-05-21,10613713.47
2017-05-22,10613713.47
2017-05-23,10613713.47
2017-05-24,10736695.6
2017-05-25,10736695.6
2017-05-26,10736695.6
2017-05-27,10736695.6
2017-05-28,10736695.6
2017-05-29,10736695.6
2017-05-30,10736695.6
2017-05-31,10792346.97
2017-06-01,10792346.97
2017-06-02,10792346.97
2017-06-03,10792346.97
2017-06-04,10792346.97
2017-06-05,10792346.97
2017-06-06,10792346.97
2017-06-07,10906837.79
2017-06-08,10906837.79
2017-06-09,10906837.79
2017-06-10,10906837.79
2017-06-11,10906837.79
2017-06-12,10906837.79
2017-06-13,10906837.79
2017-06-14,10937630.33
2017-06-15,10937630.33
2017-06-16,10937630.33
2017-06-17,10937630.33
2017-06-18,10937630.33
2017-06-19,10937630.33
2017-06-20,10937630.33
2017-06-21,11064944.51
2017-06-22,11064944.51
2017-06-23,11064944.51
2017-06-24,11064944.51
2017-06-25,11064944.51
2017-06-26,11064944.51
2017-06-27,11064944.51
2017-06-28,11088542.94
2017-06-29,11088542.94
2017-06-30,11088542.94
2017-07-01,11088542.94
2017-07-02,11088542.94
2017-07-03,11088542.94
2017-07-04,11088542.94
2017-07-05,11139366.67
2017-07-06,11139366.67
2017-07-07,11139366.67
2017-07-08,11139366.67
2017-07-09,11139366.67
2017-07-10,11139366.67
2017-07-11,11139366.67
2017-07-12,11153704.72
2017-07-13,11153704.72
2017-07-14,11153704.72
2017-07-15,11153704.72
2017-07-16,11153704.72
2017-07-17,11153704.72
2017-07-18,11153704.72
2017-07-19,11064473.6
2017-07-20,11064473.6
2017-07-21,11064473.6
2017-07-22,11064473.6
2017-07-23,11064473.6
2017-07-24,11064473.6
2017-07-25,11064473.6
2017-07-26,11187046.26
2017-07-27,11187046.26
2017-07-28,11187046.26
2017-07-29,11187046.26
2017-07-30,11187046.26
2017-07-31,11187046.26
2017-08-01,11187046.26
2017-08-02,11241838.28
2017-08-03,11241838.28
2017-08-04,11241838.28
2017-08-05,11241838.28
2017-08-06,11241838.28
2017-08-07,11241838.28
2017-08-08,11241838.28
2017-08-09,11235708.21
2017-08-10,11235708.21
2017-08-11,11235708.21
2017-08-12,11235708.21
2017-08-13,11235708.21
2017-08-14,11235708.21
2017-08-15,11235708.21
2017-08-16,11277823.1
2017-08-17,11277823.1
2017-08-18,11277823.1
2017-08-19,11277823.1
2017-08-20,11277823.1
2017-08-21,11277823.1
2017-08-22,11277823.1
2017-08-23,11221669.79
2017-08-24,11221669.79
2017-08-25,11221669.79
2017-08-26,11221669.79
2017-08-27,11221669.79
2017-08-28,11221669.79
2017-08-29,11221669.79
2017-08-30,11285886
2017-08-31,11285886
2017-09-01,11285886
2017-09-02,11285886
2017-09-03,11285886
2017-09-04,11285886
2017-09-05,11285886
2017-09-06,11337172.91
2017-09-07,11337172.91
2017-09-08,11337172.91
2017-09-09,11337172.91
2017-09-10,11337172.91
2017-09-11,11337172.91
2017-09-12,11337172.91
2017-09-13,11369189.03
2017-09-14,11369189.03
2017-09-15,11369189.03
2017-09-16,11369189.03
2017-09-17,11369189.03
2017-09-18,11369189.03
2017-09-19,11369189.03
2017-09-20,11415629.51
2017-09-21,11415629.51
2017-09-22,11415629.51
2017-09-23,11415629.51
2017-09-24,11415629.51
2017-09-25,11415629.51
2017-09-26,11415629.51
2017-09-27,11458514.93
2017-09-28,11458514.93
2017-09-29,11458514.93
2017-09-30,11458514.93
2017-10-01,11458514.93
2017-10-02,11458514.93
2017-10-03,11458514.93
2017-10-04,11480532.83
2017-10-05,11480532.83
2017-10-06,11480532.83
2017-10-07,11480532.83
2017-10-08,11480532.83
2017-10-09,11480532.83
2017-10-10,11480532.83
2017-10-11,11567243.85
2017-10-12,11567243.85
2017-10-13,11567243.85
2017-10-14,11567243.85
2017-10-15,11567243.85
2017-10-16,11567243.85
2017-10-17,11567243.85
2017-10-18,11627078.88
2017-10-19,11627078.88
2017-10-20,11627078.88
2017-10-21,11627078.88
2017-10-22,11627078.88
2017-10-23,11627078.88
2017-10-24,11627078.88
2017-10-25,11627078.88
2017-10-26,11562392.35
2017-10-27,11584638.36
2017-10-28,11557043.9
2017-10-29,11557043.9
2017-10-30,11557043.9
2017-10-31,11572122.18
2017-11-01,11564912.36
2017-11-02,11556070.23
2017-11-03,11553498.87
2017-11-04,11475544.88
2017-11-05,11475544.88
2017-11-06,11475544.88
2017-11-07,11510244.3
2017-11-08,11541755.82
2017-11-09,11546132.53
2017-11-10,11601355.26
2017-11-11,11634478.8
2017-11-12,11634478.8
2017-11-13,11634478.8
2017-11-14,11669018.6
2017-11-15,11701039.66
2017-11-16,11730912.51
2017-11-17,11784708.08
2017-11-18,11845927.6
2017-11-19,11845927.6
2017-11-20,11845927.6
2017-11-21,11834227.53
2017-11-22,11863865.78
2017-11-23,11903760.21
2017-11-24,11942496.47
2017-11-25,11981960.72
2017-11-26,11981960.72
2017-11-27,11981960.72
2017-11-28,11998248.38
2017-11-29,11988990.76
2017-11-30,12012622.28
2017-12-01,12056969.59
2017-12-02,12103980.71
2017-12-03,12103980.71
2017-12-04,12103980.71
2017-12-05,12126230.23
2017-12-06,12158371.43
2017-12-07,12140978.93
2017-12-08,12125077.15
2017-12-09,12171245.81
2017-12-10,12171245.81
2017-12-11,12171245.81
2017-12-12,12171245.81
2017-12-13,12106392.46
2017-12-14,12093350.6
2017-12-15,12079523.8
2017-12-16,12098883.87
2017-12-17,12098883.87
2017-12-18,12098883.87
2017-12-19,12137292.13
2017-12-20,12173132.52
2017-12-21,12163501.05
2017-12-22,12251291.08
2017-12-23,12258792.43
2017-12-24,12258792.43
2017-12-25,12258792.43
2017-12-26,12295223.93
2017-12-27,12293419.93
2017-12-28,12307010.78
2017-12-29,12339829.08
2017-12-30,12405447.51
2017-12-31,12405447.51
2018-01-01,12405447.51
2018-01-02,12405447.51
2018-01-03,12405447.51
2018-01-04,12504991.19
2018-01-05,12548698.91
2018-01-06,12630993.08
2018-01-07,12630993.08
2018-01-08,12630993.08
2018-01-09,12640923.36
2018-01-10,12677728.46
2018-01-11,12708952.78
2018-01-12,12743272.99
2018-01-13,12852356.99
2018-01-14,12852356.99
2018-01-15,12852356.99
2018-01-16,12845014.74
2018-01-17,12874771.38
2018-01-18,12880544.37
2018-01-19,12818930.9
2018-01-20,12907594.37
2018-01-21,12907594.37
2018-01-22,12907594.37
2018-01-23,12946735.8
2018-01-24,12946735.8
2018-01-25,13019238.82
2018-01-26,13101653.52
2018-01-27,13187874.72
2018-01-28,13187874.72
2018-01-29,13187874.72
2018-01-30,13200434.25
2018-01-31,13173829.55
2018-02-01,13177807.06
2018-02-02,13208809.33
2018-02-03,13192115.07
2018-02-04,13192115.07
2018-02-05,13192115.07
2018-02-06,13208243.12
2018-02-07,13053997.95
2018-02-08,12831689.21
2018-02-09,12938137.83
2018-02-10,12821490.87
2018-02-11,12821490.87
2018-02-12,12821490.87
2018-02-13,12777034.11
2018-02-14,12777034.11
2018-02-15,12777034.11
2018-02-16,12882310.49
2018-02-17,12882310.49
2018-02-18,12882310.49
2018-02-19,12882310.49
2018-02-20,12882310.49
2018-02-21,12882310.49
2018-02-22,12955189.15
2018-02-23,13096290.56
2018-02-24,13133723.43
2018-02-25,13133723.43
2018-02-26,13133723.43
2018-02-27,13198041.81
2018-02-28,13199984.36
2018-03-01,13267519.61
2018-03-02,13287037.26
2018-03-03,13350315.75
2018-03-04,13350315.75
2018-03-05,13350315.75
2018-03-06,13382647.26
2018-03-07,13301465.04
2018-03-08,13415516.85
2018-03-09,13377326.09
2018-03-10,13401644.36
2018-03-11,13401644.36
2018-03-12,13401644.36
2018-03-13,13408044.71
2018-03-14,13415602.71
2018-03-15,13434782.66
2018-03-16,13465079.73
2018-03-17,13483989.52
2018-03-18,13483989.52
2018-03-19,13483989.52
2018-03-20,13529947
2018-03-21,13558540.74
2018-03-22,13581875.26
2018-03-23,13593112.1
2018-03-24,13586396.2
2018-03-25,13612449.59
2018-03-26,13612449.59
2018-03-27,13554347.4
2018-03-28,13608477.65
2018-03-29,13637764.59
2018-03-30,13638192.78
2018-03-31,13592500.64
2018-04-01,13592500.64
2018-04-02,13592500.64
2018-04-03,13626674.74
2018-04-04,13690388.86
2018-04-05,13659079.27
2018-04-06,13671949.26
2018-04-07,13719956.48
2018-04-08,13719956.48
2018-04-09,13719956.48
2018-04-10,13737436.86
2018-04-11,13752031.91
2018-04-12,13741735.04
2018-04-13,13653417.54
2018-04-14,13648641.93
2018-04-15,13648641.93
2018-04-16,13648641.93
2018-04-17,13600706.81
2018-04-18,13578567.8
2018-04-19,13559335.29
2018-04-20,13481304.16
2018-04-21,13363355.4
2018-04-22,13363355.4
2018-04-23,13363355.4
2018-04-24,13428577.96
2018-04-25,13291003.7
2018-04-26,13291003.7
2018-04-27,13195920.16
2018-04-28,12993976.94
2018-04-29,12993976.94
2018-04-30,12993976.94
2018-05-01,12993976.94
2018-05-02,12993976.94
2018-05-03,13040853.51
2018-05-04,12993184.13
2018-05-05,12941560.19
2018-05-06,12941560.19
2018-05-07,12941560.19
2018-05-08,12938544.18
2018-05-09,13058096.07
2018-05-10,13042447.29
2018-05-11,13013312.44
2018-05-12,13008392.26
2018-05-13,13008392.26
2018-05-14,13008392.26
2018-05-15,13061777.06
2018-05-16,13094151.55
2018-05-17,13113875.89
2018-05-18,13053510.16
2018-05-19,12998974.91
2018-05-20,12998974.91
2018-05-21,12998974.91
2018-05-22,13014896.86
2018-05-23,12970188.23
2018-05-24,12883629.36
2018-05-25,12836043.68
2018-05-26,12772508.17
2018-05-27,12772508.17
2018-05-28,12772508.17
2018-05-29,12705149.23
2018-05-30,12622188.77
2018-05-31,12617431.92
2018-06-01,12655209.74
2018-06-02,12655209.74
2018-06-03,12655209.74
2018-06-04,12717983.72
2018-06-05,12764936.59
2018-06-06,12781689.82
2018-06-07,12890001.9
2018-06-08,13040326.1
2018-06-09,13040326.1
2018-06-10,13040326.1
2018-06-11,13070644.9
2018-06-12,13082608.95
2018-06-13,13020980.01
2018-06-14,13035575.93
2018-06-15,12978522.42
2018-06-16,12978522.42
2018-06-17,12978522.42
2018-06-18,12988693.88
2018-06-19,12870410.13
2018-06-20,12711112.64
2018-06-21,12705086.26
2018-06-22,12675396.66
2018-06-23,12675396.66
2018-06-24,12675396.66
2018-06-25,12733211.19
2018-06-26,12744706.04
2018-06-27,12722627.89
2018-06-28,12649654.88
2018-06-29,12621545.25
2018-06-30,12621545.25
2018-07-01,12621545.25
2018-07-02,12608410.4
2018-07-03,12530737.06
2018-07-04,12306270.87
2018-07-05,12236283.13
2018-07-06,12195888.85
2018-07-07,12195888.85
2018-07-08,12195888.85
2018-07-09,12277792.62
2018-07-10,12260029.85
2018-07-11,12255266.35
2018-07-12,12173902.58
2018-07-13,12158444.12
2018-07-14,12158444.12
2018-07-15,12158444.12
2018-07-16,12208222.09
2018-07-17,12227304.42
2018-07-18,12316777.27
2018-07-19,12397966.28
2018-07-20,12446302.09
2018-07-21,12446302.09
2018-07-22,12446302.09
2018-07-23,12442051.27
2018-07-24,12409810.14
2018-07-25,12420922.17
2018-07-26,12370379.31
2018-07-27,12377928.38
2018-07-28,12377928.38
2018-07-29,12377928.38
2018-07-30,12413763.51
2018-07-31,12505655.86
2018-08-01,12548789.61
2018-08-02,12528321.49
2018-08-03,12537360.6
2018-08-04,12537360.6
2018-08-05,12537360.6
2018-08-06,12536801.07
2018-08-07,12522074.47
2018-08-08,12496674.13
2018-08-09,12514243.33
2018-08-10,12545661.14
2018-08-11,12545661.14
2018-08-12,12545661.14
2018-08-13,12552473.35
2018-08-14,12611658.66
2018-08-15,12622869.2
2018-08-16,12614298.34
2018-08-17,12612627.72
2018-08-18,12612627.72
2018-08-19,12612627.72
2018-08-20,12614317.47
2018-08-21,12627317.61
2018-08-22,12653162.44
2018-08-23,12676908.01
2018-08-24,12684473.59
2018-08-25,12684473.59
2018-08-26,12684473.59
2018-08-27,12692715.51
2018-08-28,12721620.35
2018-08-29,12748103.56
2018-08-30,12745906.2
2018-08-31,12779025.95
2018-09-01,12779025.95
2018-09-02,12779025.95
2018-09-03,12779025.95
2018-09-04,12761565.13
2018-09-05,12711545.38
2018-09-06,12647009.33
2018-09-07,12625054.19
2018-09-08,12625054.19
2018-09-09,12625054.19
2018-09-10,12670342.96
2018-09-11,12671353.95
2018-09-12,12718587.33
2018-09-13,12720522.62
2018-09-14,12753723.52
2018-09-15,12753723.52
2018-09-16,12753723.52
2018-09-17,12758035.51
2018-09-18,12755597.82
2018-09-19,12812977.88
2018-09-20,12842915.07
2018-09-21,12851066.67
2018-09-22,12885422.3
2018-09-23,12885422.3
2018-09-24,12909161.49
2018-09-25,12928273.33
2018-09-26,12981128.65
2018-09-27,12977862.26
2018-09-28,13017089.23
2018-09-29,13017089.23
2018-09-30,13017089.23
2018-10-01,13026816.31
2018-10-02,13009731.58
2018-10-03,13025269.45
2018-10-04,13031696.57
2018-10-05,13061760.83
2018-10-06,13061760.83
2018-10-07,13061760.83
2018-10-08,13026036.08
2018-10-09,13011013.22
2018-10-10,13002390.78
2018-10-11,13000524.77
2018-10-12,12946331.94
2018-10-13,12949795.9
2018-10-14,12949795.9
2018-10-15,12956419.16
2018-10-16,12943113.69
2018-10-17,12966333.34
2018-10-18,12969228.86
2018-10-19,12960271.89
2018-10-20,12960271.89
2018-10-21,12957861.72
2018-10-22,12947383.08
2018-10-23,12939595.34
2018-10-24,12868948.03
2018-10-25,12824959.52
2018-10-26,12798937.02
2018-10-27,12792566.57
2018-10-28,12792566.57
2018-10-29,12770511.94
2018-10-30,12739515.59
2018-10-31,12779474.07
2018-11-01,12810607.99
2018-11-02,12835981.96
2018-11-03,12835981.96
2018-11-04,12835981.96
2018-11-05,12855687.45
2018-11-06,12852510.14
2018-11-07,12848970.01
2018-11-08,12850281.65
2018-11-09,12829097.17
2018-11-10,12829097.17
2018-11-11,12829097.17
2018-11-12,12815763.19
2018-11-13,12807554.36
2018-11-14,12785143.34
2018-11-15,12755500.01
2018-11-16,12769430.21
2018-11-17,12769430.21
2018-11-18,12769430.21
2018-11-19,12793119.09
2018-11-20,12805657.84
2018-11-21,12827633.14
2018-11-22,12852237.72
2018-11-23,12853725.61
2018-11-24,12853725.61
2018-11-25,12853725.61
2018-11-26,12851053.68
2018-11-27,12846029.16
2018-11-28,12847248.97
2018-11-29,12856939.15
2018-11-30,12851800.7
2018-12-01,12851800.7
2018-12-02,12851800.7
2018-12-03,12878394.02
2018-12-04,12936191.22
2018-12-05,12934787.48
2018-12-06,12935814.05
2018-12-07,12952901.37
2018-12-08,12952901.37
2018-12-09,12952901.37
2018-12-10,12949405.72
2018-12-11,12933582.53
2018-12-12,12951296.03
2018-12-13,12964684.23
2018-12-14,12975014.69
2018-12-15,12975014.69
2018-12-16,12975014.69
2018-12-17,12931693.96
2018-12-18,12887485.39
2018-12-19,12891003
2018-12-20,12870348.52
2018-12-21,12853878.24
2018-12-22,12853878.24
2018-12-23,12853878.24
2018-12-24,12848479.67
2018-12-25,12829996.59
2018-12-26,12807663.08
2018-12-27,12820658.34
2018-12-28,12837723.67
2018-12-29,12837723.67
2018-12-30,12837723.67
2018-12-31,12837723.67
2019-01-01,12837723.67
2019-01-02,12834893.96
2019-01-03,12814687.26
2019-01-04,12794539.98
2019-01-05,12784749.32
2019-01-06,12784749.32
2019-01-07,12791923.83
2019-01-08,12818532.87
2019-01-09,12812535.73
2019-01-10,12839427.39
2019-01-11,12848231.95
2019-01-12,12847782.41
2019-01-13,12847782.41
2019-01-14,12847504.4
2019-01-15,12851846.93
2019-01-16,12860545.57
2019-01-17,12854423.54
2019-01-18,12856250.31
2019-01-19,12853258.79
2019-01-20,12853258.79
2019-01-21,12876402.99
2019-01-22,12899939.79
2019-01-23,12907070.34
2019-01-24,12905071.93
2019-01-25,12901801.29
2019-01-26,12901801.29
2019-01-27,12901801.29
2019-01-28,12908406.64
2019-01-29,12914686.22
2019-01-30,12924909.92
2019-01-31,12917111.2
2019-02-01,12929017.51
2019-02-02,12929017.51
2019-02-03,12929017.51
2019-02-04,12929017.51
2019-02-05,12929017.51
2019-02-06,12929017.51
2019-02-07,12929017.51
2019-02-08,12929017.51
2019-02-09,12929017.51
2019-02-10,12929017.51
2019-02-11,12957930.92
2019-02-12,12994459.62
2019-02-13,13035875.79
2019-02-14,13065042.85
2019-02-15,13076284.33
2019-02-16,13076284.33
2019-02-17,13076284.33
2019-02-18,13086248.95
2019-02-19,13104847.57
2019-02-20,13113739.56
2019-02-21,13141070.83
2019-02-22,13166575.01
2019-02-23,13166575.01
2019-02-24,13166575.01
2019-02-25,13180769.06
2019-02-26,13185483.28
2019-02-27,13187178.28
2019-02-28,13186895.42
2019-03-01,13186731.05
2019-03-02,13186731.05
2019-03-03,13186731.05
2019-03-04,13196473.29
2019-03-05,13226966.3
2019-03-06,13220589.69
2019-03-07,13225814.77
2019-03-08,13216985.85
2019-03-09,13216985.85
2019-03-10,13216985.85
2019-03-11,13205747.52
2019-03-12,13206013.54
2019-03-13,13238671.15
2019-03-14,13250117.65
2019-03-15,13277667.29
2019-03-16,13277667.29
2019-03-17,13277667.29
2019-03-18,13278066.01
2019-03-19,13275209.59
2019-03-20,13268918.96
2019-03-21,13257714.33
2019-03-22,13261817.03
2019-03-23,13261817.03
2019-03-24,13261817.03
2019-03-25,13220028.13
2019-03-26,13207835.94
2019-03-27,13204563.26
2019-03-28,13197692.64
2019-03-29,13203723.8
2019-03-30,13203723.8
2019-03-31,13203723.8
2019-04-01,13221155.63
2019-04-02,13224840.27
2019-04-03,13226179.31
2019-04-04,13228074.48
2019-04-05,13235198.18
2019-04-06,13235198.18
2019-04-07,13235198.18
2019-04-08,13240672.52
2019-04-09,13244908.01
2019-04-10,13234840.17
2019-04-11,13226340.43
2019-04-12,13225571.13
2019-04-13,13235968.22
2019-04-14,13235968.22
2019-04-15,13235968.22
2019-04-16,13235848.2
2019-04-17,13234739.94
2019-04-18,13225980.66
2019-04-19,13212431.28
2019-04-20,13212431.28
2019-04-21,13221239.59
2019-04-22,13222777.2
2019-04-23,13216160.13
2019-04-24,13237638.69
2019-04-25,13244091.01
2019-04-26,13247828.5
2019-04-27,13247828.5
2019-04-28,13246690.46
2019-04-29,13246690.46
2019-04-30,13246690.46
2019-05-01,13246690.46
2019-05-02,13255402.62
2019-05-03,13275583.1
2019-05-04,13275210.55
2019-05-05,13275210.55
2019-05-06,13259370.64
2019-05-07,13241865.13
2019-05-08,13244865.67
2019-05-09,13233496.24
2019-05-10,13231275.85
2019-05-11,13231275.85
2019-05-12,13231275.85
2019-05-13,13233631.12
2019-05-14,13239171.04
2019-05-15,13249242.89
2019-05-16,13269204.43
2019-05-17,13269831.56
2019-05-18,13269831.56
2019-05-19,13269831.56
2019-05-20,13273573.65
2019-05-21,13299517.25
2019-05-22,13299713.77
2019-05-23,13301922.07
2019-05-24,13316635.06
2019-05-25,13316635.06
2019-05-26,13316635.06
2019-05-27,13310761.98
2019-05-28,13309907.91
2019-05-29,13310682.05
2019-05-30,13301353.84
2019-05-31,13294437.39
2019-06-01,13294552.61
2019-06-02,13294113.73
2019-06-03,13269016.26
2019-06-04,13254570.16
2019-06-05,13255300.58
2019-06-06,13251124.15
2019-06-07,13263743.33
2019-06-08,13263743.33
2019-06-09,13263743.33
2019-06-10,13282911.44
2019-06-11,13291115.06
2019-06-12,13309639.51
2019-06-13,13308910.43
2019-06-14,13307204.36
2019-06-15,13307204.36
2019-06-16,13307204.36
2019-06-17,13297160.9
2019-06-18,13287294.4
2019-06-19,13292940.08
2019-06-20,13310099.02
2019-06-21,13329635.15
2019-06-22,13329635.15
2019-06-23,13329635.15
2019-06-24,13335243.27
2019-06-25,13331433.31
2019-06-26,13318668.37
2019-06-27,13337925.33
2019-06-28,13335170.48
2019-06-29,13335170.48
2019-06-30,13335170.48
2019-07-01,13360618.75
2019-07-02,13363913.73
2019-07-03,13365901.43
2019-07-04,13378570.92
2019-07-05,13402198.45
2019-07-06,13402198.45
2019-07-07,13402198.45
2019-07-08,13400092.2
2019-07-09,13387531.96
2019-07-10,13398281.85
2019-07-11,13413124.96
2019-07-12,13422856.01
2019-07-13,13422856.01
2019-07-14,13422856.01
2019-07-15,13427719.45
2019-07-16,13428763.24
2019-07-17,13439361.46
2019-07-18,13437354.81
2019-07-19,13448914.93
2019-07-20,13448914.93
2019-07-21,13448914.93
2019-07-22,13467630.08
2019-07-23,13477554.12
2019-07-24,13492667.78
2019-07-25,13493396.64
2019-07-26,13500584.4
2019-07-27,13500584.4
2019-07-28,13500584.4
2019-07-29,13502282.7
2019-07-30,13493414.9
2019-07-31,13481590.34
2019-08-01,13501749.99
2019-08-02,13513157.49
2019-08-03,13513157.49
2019-08-04,13513157.49
2019-08-05,13509017.47
2019-08-06,13499781.52
2019-08-07,13493873.25
2019-08-08,13512073.41
2019-08-09,13549506
2019-08-10,13549506
2019-08-11,13549506
2019-08-12,13558265.75
2019-08-13,13565969.06
2019-08-14,13572452.18
2019-08-15,13586061.59
2019-08-16,13605148.58
2019-08-17,13605148.58
2019-08-18,13605148.58
2019-08-19,13607040.33
2019-08-20,13607689.26
2019-08-21,13628732.38
2019-08-22,13639974.19
2019-08-23,13640052.62
2019-08-24,13640052.62
2019-08-25,13640052.62
2019-08-26,13642794.17
2019-08-27,13628980.37
2019-08-28,13630046.97
2019-08-29,13628655.81
2019-08-30,13633682.68
2019-08-31,13633682.68
2019-09-01,13638281.5
2019-09-02,13638281.5
2019-09-03,13656161.96
2019-09-04,13641500.4
2019-09-05,13645176.07
2019-09-06,13639366.7
2019-09-07,13639366.7
2019-09-08,13639366.7
2019-09-09,13641576.3
2019-09-10,13633895.1
2019-09-11,13608694.63
2019-09-12,13635826.69
2019-09-13,13675617.23
2019-09-14,13675617.23
2019-09-15,13675617.23
2019-09-16,13689270.21
2019-09-17,13695368.7
2019-09-18,13699586.13
2019-09-19,13719902.64
2019-09-20,13731478.06
2019-09-21,13731478.06
2019-09-22,13731478.06
2019-09-23,13732386.24
2019-09-24,13746789.8
2019-09-25,13746037.47
2019-09-26,13760415.77
2019-09-27,13778303.65
2019-09-28,13755292.82
2019-09-29,13755292.82
2019-09-30,13764694.43
2019-10-01,13785788.81
2019-10-02,13783497.56
2019-10-03,13804908.92
2019-10-04,13799950.37
2019-10-05,13799950.37
2019-10-06,13799950.37
2019-10-07,13802817.24
2019-10-08,13792703.28
2019-10-09,13792809.99
2019-10-10,13798560.77
2019-10-11,13792069.11
2019-10-12,13792069.11
2019-10-13,13792069.11
2019-10-14,13795079.85
2019-10-15,13798787.34
2019-10-16,13811704.16
2019-10-17,13830228.47
2019-10-18,13826291.47
2019-10-19,13826291.47
2019-10-20,13828314.71
2019-10-21,13829602.9
2019-10-22,13818191.47
2019-10-23,13822846.7
2019-10-24,13821962.85
2019-10-25,13854282.94
2019-10-26,13854282.94
2019-10-27,13854282.94
2019-10-28,13856119.38
2019-10-29,13896001.36
2019-10-30,13897046.93
2019-10-31,13899357.72
2019-11-01,13908854.35
2019-11-02,13908854.35
2019-11-03,13908854.35
2019-11-04,13923822.55
2019-11-05,13939143.79
2019-11-06,13941626.82
2019-11-07,13954100.42
2019-11-08,13960042.17
2019-11-09,13960042.17
2019-11-10,13960042.17
2019-11-11,13961673.61
2019-11-12,13957026.98
2019-11-13,13955551.99
2019-11-14,13951589.42
2019-11-15,13935570.22
2019-11-16,13935570.22
2019-11-17,13935570.22
2019-11-18,13934454.22
2019-11-19,13929565
2019-11-20,13945344.98
2019-11-21,13934804.06
2019-11-22,13926835.29
2019-11-23,13926835.29
2019-11-24,13926835.29
2019-11-25,13914604.88
2019-11-26,13918101.5
2019-11-27,13920965.79
2019-11-28,13918665.18
2019-11-29,13903406.29
2019-11-30,13903406.29
2019-12-01,13903406.29
2019-12-02,13902162.87
2019-12-03,13880247.52
2019-12-04,13888314.2
2019-12-05,13904414.64
2019-12-06,13904242.13
2019-12-07,13904242.13
2019-12-08,13904242.13
2019-12-09,13915054.38
2019-12-10,13913312.51
2019-12-11,13923820.64
2019-12-12,13922232.95
2019-12-13,13925558.49
2019-12-14,13925558.49
2019-12-15,13912177.61
2019-12-16,13901669.7
2019-12-17,13912682.82
2019-12-18,13900098.66
2019-12-19,13892466.21
2019-12-20,13905254.63
2019-12-21,13905254.63
2019-12-22,13905254.63
2019-12-23,13917112.54
2019-12-24,13926007.26
2019-12-25,13926234.7
2019-12-26,13953267.48
2019-12-27,13961875.81
2019-12-28,13962166.7
2019-12-29,13962166.7
2019-12-30,13969527.83
2019-12-31,13987736.88
2020-01-01,13987736.88
2020-01-02,14000489.83
2020-01-03,14017529.07
2020-01-04,14017529.07
2020-01-05,14017529.07
2020-01-06,14010518.76
2020-01-07,14004218.19
2020-01-08,14005547.96
2020-01-09,13988542.19
2020-01-10,14027980.19
2020-01-11,14027980.19
2020-01-12,14027980.19
2020-01-13,14037073.09
2020-01-14,14040003.54
2020-01-15,14050216.42
2020-01-16,14023575.28
2020-01-17,14044363.77
2020-01-18,14044363.77
2020-01-19,14044363.77
2020-01-20,14042140.66
2020-01-21,14068949.72
2020-01-22,14206053.5
2020-01-23,14210253.52
2020-01-24,14210253.52
2020-01-25,14210253.52
2020-01-26,14210253.52
2020-01-27,14210253.52
2020-01-28,14210253.52
2020-01-29,14210253.52
2020-01-30,14123470.59
2020-01-31,14083331.42
2020-02-01,14083331.42
2020-02-02,14084872.62
2020-02-03,14048343.88
2020-02-04,14020813.19
2020-02-05,14018875.65
2020-02-06,13997921.81
2020-02-07,14025768.83
2020-02-08,14040405.12
2020-02-09,14040405.12
2020-02-10,14032816.23
2020-02-11,14027768.61
2020-02-12,14042407.22
2020-02-13,14079427.5
2020-02-14,14060263.15
2020-02-15,14060263.15
2020-02-16,14060263.15
2020-02-17,14062962.5
2020-02-18,14064187.08
2020-02-19,14070572.08
2020-02-20,14100654.74
2020-02-21,14113216.43
2020-02-22,14113216.43
2020-02-23,14138484.9
2020-02-24,14119322.97
2020-02-25,14070202.66
2020-02-26,14080189.12
2020-02-27,14086190.95
2020-02-28,14081722.65
2020-02-29,14081722.65
2020-03-01,14081722.65
2020-03-02,14074674.14
2020-03-03,14086851.64
2020-03-04,14083591.65
2020-03-05,14087202.46
2020-03-06,14100125.49
2020-03-07,14100125.49
2020-03-08,14100125.49
2020-03-09,14068583.26
2020-03-10,13975002.56
2020-03-11,13972335.69
2020-03-12,13916372
2020-03-13,13878958.23
2020-03-14,13878958.23
2020-03-15,13881152.65
2020-03-16,13834252.59
2020-03-17,13814577.62
2020-03-18,13821940.88
2020-03-19,13801091.87
2020-03-20,13769038
2020-03-21,13769038
2020-03-22,13769777.98
2020-03-23,13737903.15
2020-03-24,13663019.01
2020-03-25,13673210.7
2020-03-26,13679608.6
2020-03-27,13684111.91
2020-03-28,13684111.91
2020-03-29,13664866.96
2020-03-30,13634904.35
2020-03-31,13613702.35
2020-04-01,13602236.26
2020-04-02,13602236.26
2020-04-03,13644378.85
2020-04-04,13644378.85
2020-04-05,13648109.37
2020-04-06,13680783.38
2020-04-07,13750140.76
2020-04-08,13760241.09
2020-04-09,13777583.91
2020-04-10,13775042.26
2020-04-11,13776675.32
2020-04-12,13776675.32
2020-04-13,13785157.4
2020-04-14,13806318.34
2020-04-15,13820403.28
2020-04-16,13839987.28
2020-04-17,13868396.08
2020-04-18,13869845.42
2020-04-19,13869845.42
2020-04-20,13876754.79
2020-04-21,13899448.95
2020-04-22,13870248.59
2020-04-23,13862224.25
2020-04-24,13872521.37
2020-04-25,13873179.7
2020-04-26,13873179.7
2020-04-27,13880389.96
2020-04-28,13875023.57
2020-04-29,13905959.44
2020-04-30,13905959.44
2020-05-01,13905959.44
2020-05-02,13905959.44
2020-05-03,13905959.44
2020-05-04,13917079.36
2020-05-05,13909508.75
2020-05-06,13921187.65
2020-05-07,13968399.58
2020-05-08,13992217.12
2020-05-09,13992217.12
2020-05-10,13992217.12
2020-05-11,14019216.22
2020-05-12,14038173.81
2020-05-13,14039653.22
2020-05-14,14067423.06
2020-05-15,14071545.82
2020-05-16,14071545.82
2020-05-17,14071545.82
2020-05-18,14071726.19
2020-05-19,14101160.75
2020-05-20,14115105.75
2020-05-21,13983498.16
2020-05-22,13986438.84
2020-05-23,13986438.84
2020-05-24,13986438.84
2020-05-25,13977250.26
2020-05-26,13996768.86
2020-05-27,14004415.83
2020-05-28,13990953.1
2020-05-29,13998375.35
2020-05-30,13998375.35
2020-05-31,13998375.35
2020-06-01,14013366.36
2020-06-02,14026919.51
2020-06-03,14024703.06
2020-06-04,14047525.74
2020-06-05,14050650.4
2020-06-06,14050650.4
2020-06-07,14050650.4
2020-06-08,14065355.18
2020-06-09,14082256.87
2020-06-10,14089325.39
2020-06-11,14079907.06
2020-06-12,14034087.12
2020-06-13,14034087.12
2020-06-14,14034087.12
2020-06-15,14019928.55
2020-06-16,14001970.6
2020-06-17,14023046.48
2020-06-18,14006141.38
2020-06-19,14019904.11
2020-06-20,14019904.11
2020-06-21,14019904.11
2020-06-22,14039664.83
2020-06-23,14047214.11
2020-06-24,14041872.11
2020-06-25,14040554.45
2020-06-26,14044149.58
2020-06-27,14044149.58
2020-06-28,14044149.58
2020-06-29,14029306.54
2020-06-30,14023855.8
2020-07-01,14024649.45
2020-07-02,14033668.6
2020-07-03,14048583.19
2020-07-04,14048583.19
2020-07-05,14048583.19
2020-07-06,14062664.26
2020-07-07,14073212.33
2020-07-08,14077010.06
2020-07-09,14108284.26
2020-07-10,14099383.45
2020-07-11,14108284.26
2020-07-12,14108284.26
2020-07-13,14099031.6
2020-07-14,14101980.13
2020-07-15,14109902.96
2020-07-16,14135046.23
2020-07-17,14125879.34
2020-07-18,14136831.43
2020-07-19,14136831.43
2020-07-20,14137520.77
2020-07-21,14146295.4
2020-07-22,14135082.14
2020-07-23,14124919.56
2020-07-24,14120317.91
2020-07-25,14120317.91
2020-07-26,14120317.91
2020-07-27,14068854.12
2020-07-28,14041376.21
2020-07-29,14062163.12
2020-07-30,14004141.37
2020-07-31,14015531.46
2020-08-01,14015531.46
2020-08-02,14015531.46
2020-08-03,14026976.45
2020-08-04,14049606.06
2020-08-05,14077343.82
2020-08-06,14130988.98
2020-08-07,14134983.99
2020-08-08,14134983.99
2020-08-09,14134983.99
2020-08-10,14132537.39
2020-08-11,14127317.56
2020-08-12,14141508.51
2020-08-13,14160074.37
2020-08-14,14187266.4
2020-08-15,14192155.79
2020-08-16,14192155.79
2020-08-17,14194412.91
2020-08-18,14197547.86
2020-08-19,14199869.62
2020-08-20,14206691.71
2020-08-21,14216408.02
2020-08-22,14216408.02
2020-08-23,14216408.02
2020-08-24,14234775.96
2020-08-25,14263412.67
2020-08-26,14270435.92
2020-08-27,14294566.21
2020-08-28,14297555.73
2020-08-29,14297555.73
2020-08-30,14297555.73
2020-08-31,14322098.42
2020-09-01,14326789.35
2020-09-02,14326789.35
2020-09-03,14348391.37
2020-09-04,14358623.23
2020-09-05,14358623.23
2020-09-06,14358623.23
2020-09-07,14364229.67
2020-09-08,14343821.62
2020-09-09,14341293.14
2020-09-10,14339328.93
2020-09-11,14325081.61
2020-09-12,14325081.61
2020-09-13,14325081.61
2020-09-14,14346227.88
2020-09-15,14351458.44
2020-09-16,14360142.9
2020-09-17,14370057.39
2020-09-18,14368257.27
2020-09-19,14368257.27
2020-09-20,14368257.27
2020-09-21,14382801.09
2020-09-22,14390977.15
2020-09-23,14397524.57
2020-09-24,14431978.32
2020-09-25,14431848.33
2020-09-26,14431848.33
2020-09-27,14431848.33
2020-09-28,14438008.2
2020-09-29,14446118.47
2020-09-30,14443568.94
2020-10-01,14457446.22
2020-10-02,14470376.67
2020-10-03,14481731.53
2020-10-04,14481731.53
2020-10-05,14462041.65
2020-10-06,14483075.94
2020-10-07,14487074.7
2020-10-08,14498675.38
2020-10-09,14524705.54
2020-10-10,14524705.54
2020-10-11,14524705.54
2020-10-12,14536784.79
2020-10-13,14516745.3
2020-10-14,14541448.86
2020-10-15,14551870.53
2020-10-16,14567347.86
2020-10-17,14567347.86
2020-10-18,14567347.86
2020-10-19,14583996.74
2020-10-20,14587510.5
2020-10-21,14596507.72
2020-10-22,14611373.94
2020-10-23,14633559.87
2020-10-24,14633559.87
2020-10-25,14633559.87
2020-10-26,14659412.67
2020-10-27,14646034.78
2020-10-28,14617587.11
2020-10-29,14580483.33
2020-10-30,14591692.84
2020-10-31,14591692.84
2020-11-01,14591692.84
2020-11-02,14589906.34
2020-11-03,14608474.84
2020-11-04,14625802.27
2020-11-05,14634340.01
2020-11-06,14636072.45
2020-11-07,14636072.45
2020-11-08,14636072.45
2020-11-09,14642271.9
2020-11-10,14674254.92
2020-11-11,14679848.43
2020-11-12,14695882.93
2020-11-13,14706563.35
2020-11-14,14706563.35
2020-11-15,14706563.35
2020-11-16,14706127.71
2020-11-17,14712784.03
2020-11-18,14731465.2
2020-11-19,14756036.15
2020-11-20,14788538.66
2020-11-21,14788538.66
2020-11-22,14788538.66
2020-11-23,14796160.35
2020-11-24,14826576.21
2020-11-25,14838992.98
2020-11-26,14854939.1
2020-11-27,14861117.68
2020-11-28,14861117.68
2020-11-29,14861117.68
2020-11-30,14881636.66
2020-12-01,14878860.95
2020-12-02,14902686.24
2020-12-03,14915714.87
2020-12-04,14924710.74
2020-12-05,14924710.74
2020-12-06,14924710.74
2020-12-07,14945541.83
2020-12-08,14944713.72
2020-12-09,14957872.05
2020-12-10,14967360.15
2020-12-11,14974979.95
2020-12-12,14974979.95
2020-12-13,14974979.95
2020-12-14,14999471.17
2020-12-15,14996459.23
2020-12-16,15029189.5
2020-12-17,15056583.96
2020-12-18,15089885.25
2020-12-19,15089885.25
2020-12-20,15089885.25
2020-12-21,15113080.31
2020-12-22,15119259.81
2020-12-23,15133632.08
2020-12-24,15130105.69
2020-12-25,15125006.9
2020-12-26,15125006.9
2020-12-27,15125006.9
2020-12-28,15149471.54
2020-12-29,15159380.59
2020-12-30,15163597.49
2020-12-31,15181347
2021-01-01,15181347
2021-01-02,15181347
2021-01-03,15181347
2021-01-04,15192844.62
2021-01-05,15241332.76
2021-01-06,15270484.27
2021-01-07,15309516.02
2021-01-08,15332598.83
2021-01-09,15332598.83
2021-01-10,15332598.83
2021-01-11,15374687.06
2021-01-12,15394038.67
2021-01-13,15414957
2021-01-14,15441645.32
2021-01-15,15455018.25
2021-01-16,15455018.25
2021-01-17,15455018.25
2021-01-18,15460532.49
2021-01-19,15413416.44
2021-01-20,15358635.01
2021-01-21,15380647.18
2021-01-22,15426866.67
2021-01-23,15426866.67
2021-01-24,15426866.67
2021-01-25,15427191.73
2021-01-26,15417863.83
2021-01-27,15385177.1
2021-01-28,15294294.09
2021-01-29,15214736.19
2021-01-30,15214736.19
2021-01-31,15214736.19
2021-02-01,15232814.11
2021-02-02,15232687.72
2021-02-03,15308602.29
2021-02-04,15362711.65
2021-02-05,15399792.02
2021-02-06,15399792.02
2021-02-07,15399792.02
2021-02-08,15400081.88
2021-02-09,15391851.19
2021-02-10,15391851.19
2021-02-11,15391851.19
2021-02-12,15391851.19
2021-02-13,15391851.19
2021-02-14,15391851.19
2021-02-15,15391851.19
2021-02-16,15391851.19
2021-02-17,15445542.51
2021-02-18,15540632.6
2021-02-19,15581630.15
2021-02-20,15581630.15
2021-02-21,15581630.15
2021-02-22,15577498.94
2021-02-23,15579838.64
2021-02-24,15564711.23
2021-02-25,15563918.74
2021-02-26,15585861.37
2021-02-27,15585861.37
2021-02-28,15585861.37
2021-03-01,15616999.27
2021-03-02,15630070.55
2021-03-03,15643663.75
2021-03-04,15663207.88
2021-03-05,15621478.94
2021-03-06,15621478.94
2021-03-07,15621478.94
2021-03-08,15628469.17
2021-03-09,15630846.24
2021-03-10,15633970.71
2021-03-11,15647744.56
2021-03-12,15666769.83
2021-03-13,15666769.83
2021-03-14,15666769.83
2021-03-15,15667967.83
2021-03-16,15665440.33
2021-03-17,15680296.11
2021-03-18,15701737.85
2021-03-19,15723143.73
2021-03-20,15723143.73
2021-03-21,15723143.73
2021-03-22,15724280.79
2021-03-23,15708204.2
2021-03-24,15693608.29
2021-03-25,15648320.89
2021-03-26,15646617.46
2021-03-27,15646617.46
2021-03-28,15646617.46
2021-03-29,15648524.74
2021-03-30,15677560.98
2021-03-31,15683119.57
2021-04-01,15719440.1
2021-04-02,15762196.42
2021-04-03,15762196.42
2021-04-04,15762196.42
2021-04-05,15776423.38
2021-04-06,15779218.78
2021-04-07,15792552.15
2021-04-08,15817785.54
2021-04-09,15817574.38
2021-04-10,15813317.75
2021-04-11,15813317.75
2021-04-12,15842496.2
2021-04-13,15851438.91
2021-04-14,15833846.76
2021-04-15,15889225.07
2021-04-16,15883820.58
2021-04-17,15883820.58
2021-04-18,15883820.58
2021-04-19,15888551.65
2021-04-20,15952224.58
2021-04-21,15952224.58
2021-04-22,15935334.83
2021-04-23,15924489.16
2021-04-24,15924489.16
2021-04-25,15924489.16
2021-04-26,15927888.81
2021-04-27,15896973.51
2021-04-28,15907623.24
2021-04-29,15924759.58
2021-04-30,15924759.58
2021-05-01,15924759.58
2021-05-02,15924759.58
2021-05-03,15924759.58
2021-05-04,15966304.08
2021-05-05,15999768.41
2021-05-06,16035260.72
2021-05-07,16052705.89
2021-05-08,16052705.89
2021-05-09,16052705.89
2021-05-10,16074700.51
2021-05-11,16114210.29
2021-05-12,16104829.32
2021-05-13,16138004.04
2021-05-14,16127413.64
2021-05-15,16127413.64
2021-05-16,16127413.64
2021-05-17,16136944.68
2021-05-18,16128677.5
2021-05-19,16146037.98
2021-05-20,16192050.85
2021-05-21,16241087.1
2021-05-22,16241087.1
2021-05-23,16241087.1
2021-05-24,16299096.57
2021-05-25,16273655.99
2021-05-26,16286216.73
2021-05-27,16325811.4
2021-05-28,16324889.72
2021-05-29,16324889.72
2021-05-30,16324889.72
2021-05-31,16354418.11
2021-06-01,16400578.05
2021-06-02,16406646.56
2021-06-03,16451038.28
2021-06-04,16484872.07
2021-06-05,16484872.07
2021-06-06,16484872.07
2021-06-07,16469656.52
2021-06-08,16429374.83
2021-06-09,16378938.3
2021-06-10,16397246.37
2021-06-11,16405970.48
2021-06-12,16405970.48
2021-06-13,16405970.48
2021-06-14,16459300.34
2021-06-15,16465766.42
2021-06-16,16461424.37
2021-06-17,16461178.96
2021-06-18,16488445.93
2021-06-19,16488445.93
2021-06-20,16488445.93
2021-06-21,16496867.7
2021-06-22,16529815.91
2021-06-23,16531037.85
2021-06-24,16530148.09
2021-06-25,16553534.8
2021-06-26,16553534.8
2021-06-27,16553534.8
2021-06-28,16588316.91
2021-06-29,16601433.51
2021-06-30,16614157.4
2021-07-01,16636155.56
2021-07-02,16677987.73
2021-07-03,16677987.73
2021-07-04,16677987.73
2021-07-05,16677141.07
2021-07-06,16685419.31
2021-07-07,16614238.79
2021-07-08,16642577.17
2021-07-09,16645812.45
2021-07-10,16645789.09
2021-07-11,16645789.09
2021-07-12,16600501.47
2021-07-13,16543326.06
2021-07-14,16529932.38
2021-07-15,16483577.39
2021-07-16,16515829.8
2021-07-17,16515829.8
2021-07-18,16515829.8
2021-07-19,16480729.44
2021-07-20,16434149.35
2021-07-21,16468115.34
2021-07-22,16498803.55
2021-07-23,16534212.14
2021-07-24,16534212.14
2021-07-25,16534212.14
2021-07-26,16525540.71
2021-07-27,16528075.36
2021-07-28,16534656.65
2021-07-29,16548115.95
2021-07-30,16618158.33
2021-07-31,16618158.33
2021-08-01,16618158.33
2021-08-02,16647832.5
2021-08-03,16666511.34
2021-08-04,16673653.05
2021-08-05,16723476.64
2021-08-06,16755535.62
2021-08-07,16755535.62
2021-08-08,16755535.62
2021-08-09,16763416.72
2021-08-10,16810198
2021-08-11,16817577.39
2021-08-12,16800572.99
2021-08-13,16769306.34
2021-08-14,16769306.34
2021-08-15,16769306.34
2021-08-16,16806370.97
2021-08-17,16836072.74
2021-08-18,16827260.86
2021-08-19,16832018.16
2021-08-20,16848183.78
2021-08-21,16848183.78
2021-08-22,16848183.78
2021-08-23,16757256.52
2021-08-24,16674698.91
2021-08-25,16691137.66
2021-08-26,16707744.67
2021-08-27,16700810.1
2021-08-28,16700810.1
2021-08-29,16700810.1
2021-08-30,16721760.43
2021-08-31,16776398.86
2021-09-01,16787363.18
2021-09-02,16787363.18
2021-09-03,16787363.18
2021-09-04,16787363.18
2021-09-05,16787363.18
2021-09-06,16807467.07
2021-09-07,16867666.93
2021-09-08,16856956.33
2021-09-09,16844508.02
2021-09-10,16884397.96
2021-09-11,16884397.96
2021-09-12,16884397.96
2021-09-13,16883834.91
2021-09-14,16881595.68
2021-09-15,16860243.52
2021-09-16,16879853.81
2021-09-17,16901130.3
2021-09-18,16901130.3
2021-09-19,16901130.3
2021-09-20,16934032.37
2021-09-21,16912890.34
2021-09-22,16885079.06
2021-09-23,16907136.16
2021-09-24,16919011.82
2021-09-25,16919011.82
2021-09-26,16919011.82
2021-09-27,16906572.14
2021-09-28,16857632.16
2021-09-29,16886573.97
2021-09-30,16906431.33
2021-10-01,16904151.06
2021-10-02,16904151.06
2021-10-03,16904151.06
2021-10-04,16904371.39
2021-10-05,16931101.54
2021-10-06,16957990.63
2021-10-07,16969844.85
2021-10-08,16978248.7
2021-10-09,16978248.7
2021-10-10,16978248.7
2021-10-11,17029861.54
2021-10-12,17081871.41
2021-10-13,17085208.4
2021-10-14,17026061.04
2021-10-15,17022571.82
2021-10-16,17022571.82
2021-10-17,17022571.82
2021-10-18,17057778.48
2021-10-19,17063328.22
2021-10-20,17060600.01
2021-10-21,17082323.32
2021-10-22,17074123.82
2021-10-23,17074123.82
2021-10-24,17074123.82
2021-10-25,17052811.24
2021-10-26,17040865.66
2021-10-27,17058463.13
2021-10-28,17113294.87
2021-10-29,17163226.17
2021-10-30,17163226.17
2021-10-31,17163226.17
2021-11-01,17172057.93
2021-11-02,17160234.91
2021-11-03,17157638.09
2021-11-04,17208160.31
2021-11-05,17236437.03
2021-11-06,17236437.03
2021-11-07,17236437.03
2021-11-08,17272003.01
2021-11-09,17295761.97
2021-11-10,17278851.78
2021-11-11,17293553.54
2021-11-12,17281946.45
2021-11-13,17281946.45
2021-11-14,17281946.45
2021-11-15,17320949.8
2021-11-16,17317767.21
2021-11-17,17299251.79
2021-11-18,17313097.04
2021-11-19,17287187.67
2021-11-20,17287187.67
2021-11-21,17287187.67
2021-11-22,17251803.71
2021-11-23,17248796.99
2021-11-24,17311572.77
2021-11-25,17354689.78
2021-11-26,17397097.89
2021-11-27,17397097.89
2021-11-28,17397097.89
2021-11-29,17379986.65
2021-11-30,17329281.2
2021-12-01,17352510.04
2021-12-02,17378835.42
2021-12-03,17343664.36
2021-12-04,17343664.36
2021-12-05,17343664.36
2021-12-06,17255110.51
2021-12-07,17229819.29
2021-12-08,17268334.61
2021-12-09,17275085.36
2021-12-10,17296839.6
2021-12-11,17296839.6
2021-12-12,17296839.6
2021-12-13,17306260.79
2021-12-14,17315503.68
2021-12-15,17323807.8
2021-12-16,17298506.49
2021-12-17,17300615.47
2021-12-18,17300615.47
2021-12-19,17300615.47
2021-12-20,17306458.41
2021-12-21,17295263.53
2021-12-22,17301804.77
2021-12-23,17296756
2021-12-24,17268371.35
2021-12-25,17268371.35
2021-12-26,17268371.35
2021-12-27,17294462.96
2021-12-28,17316677.04
2021-12-29,17335336.61
2021-12-30,17337507.23
2021-12-31,17368426.45
2022-01-01,17368426.45
2022-01-02,17368426.45
2022-01-03,17373738.99
2022-01-04,17397707.7
2022-01-05,17453170.48
2022-01-06,17433896.79
2022-01-07,17438746.7
2022-01-08,17438746.7
2022-01-09,17438746.7
2022-01-10,17419258.25
2022-01-11,17357959.5
2022-01-12,17340331.67
2022-01-13,17399303.03
2022-01-14,17384648.17
2022-01-15,17384648.17
2022-01-16,17384648.17
2022-01-17,17354793.28
2022-01-18,17266079.03
2022-01-19,17257625.76
2022-01-20,17262798.44
2022-01-21,17309884.72
2022-01-22,17309884.72
2022-01-23,17309884.72
2022-01-24,17315280.15
2022-01-25,17262612.2
2022-01-26,17335201.08
2022-01-27,17344560.17
2022-01-28,17344635.67
2022-01-29,17344635.67
2022-01-30,17344635.67
2022-01-31,17344635.67
2022-02-01,17344635.67
2022-02-02,17344635.67
2022-02-03,17344635.67
2022-02-04,17344635.67
2022-02-05,17344635.67
2022-02-06,17344635.67
2022-02-07,17394434.56
2022-02-08,17445334.01
2022-02-09,17476358.42
2022-02-10,17494533.65
2022-02-11,17497088.53
2022-02-12,17497088.53
2022-02-13,17497088.53
2022-02-14,17516012.7
2022-02-15,17446345.58
2022-02-16,17461188.83
2022-02-17,17476479.58
2022-02-18,17503927.56
2022-02-19,17503927.56
2022-02-20,17503927.56
2022-02-21,17508975.35
2022-02-22,17518230.88
2022-02-23,17524988.02
2022-02-24,17524042.03
2022-02-25,17506697.85
2022-02-26,17506697.85
2022-02-27,17506697.85
2022-02-28,17525929.53
2022-03-01,17518760.04
2022-03-02,17515686.76
2022-03-03,17495484
2022-03-04,17544135.85
2022-03-05,17544135.85
2022-03-06,17544135.85
2022-03-07,17558498.01
2022-03-08,17531601.01
2022-03-09,17486249.16
2022-03-10,17495300.12
2022-03-11,17500588.16
2022-03-12,17500588.16
2022-03-13,17500588.16
2022-03-14,17476766.48
2022-03-15,17443584.76
2022-03-16,17459982.48
2022-03-17,17462302.73
2022-03-18,17485892.76
2022-03-19,17485892.76
2022-03-20,17485892.76
2022-03-21,17516272.79
2022-03-22,17561732.54
2022-03-23,17569910
2022-03-24,17571910.11
2022-03-25,17590573.3
2022-03-26,17590573.3
2022-03-27,17590573.3
2022-03-28,17604613.9
2022-03-29,17605305.5
2022-03-30,17654654.29
2022-03-31,17670985.26
2022-04-01,17721096.61
2022-04-02,17721096.61
2022-04-03,17721096.61
2022-04-04,17790101.74
2022-04-05,17775725.64
2022-04-06,17757623.13
2022-04-07,17784790.08
2022-04-08,17759467.92
2022-04-09,17759467.92
2022-04-10,17759467.92
2022-04-11,17759467.92
2022-04-12,17703718.07
2022-04-13,17641027.45
2022-04-14,17683036
2022-04-15,17705827.44
2022-04-16,17705827.44
2022-04-17,17705827.44
2022-04-18,17683373.09
2022-04-19,17633581.35
2022-04-20,17570541.6
2022-04-21,17536192.64
2022-04-22,17537586.83
2022-04-23,17537586.83
2022-04-24,17537586.83
2022-04-25,17461963.95
2022-04-26,17294462.67
2022-04-27,17363245.5
2022-04-28,17364236.23
2022-04-29,17390825.89
2022-04-30,17390825.89
2022-05-01,17390825.89
2022-05-02,17390825.89
2022-05-03,17390825.89
2022-05-04,17439149.86
2022-05-05,17408159.5
2022-05-06,17396530.63
2022-05-07,17396530.63
2022-05-08,17396530.63
2022-05-09,17312307.89
2022-05-10,17207512.73
2022-05-11,17220173.86
2022-05-12,17209616.25
2022-05-13,17118760.56
2022-05-14,17118760.56
2022-05-15,17118760.56
2022-05-16,16925165.97
2022-05-17,16934923.38
2022-05-18,17066207.38
2022-05-19,17081078.9
2022-05-20,17103544.51
2022-05-21,17103544.51
2022-05-22,17103544.51
2022-05-23,17105264.34
2022-05-24,17054241.08
2022-05-25,17102619.43
2022-05-26,17194035.92
2022-05-27,17236189.56
2022-05-28,17236189.56
2022-05-29,17236189.56
2022-05-30,17295284.81
2022-05-31,17313482.32
2022-06-01,17323308.77
2022-06-02,17322006.01
2022-06-03,17302178.45
2022-06-04,17302178.45
2022-06-05,17302178.45
2022-06-06,17334862.22
2022-06-07,17335928.51
2022-06-08,17344593.44
2022-06-09,17378594.83
2022-06-10,17394567.74
2022-06-11,17394567.74
2022-06-12,17394567.74
2022-06-13,17326612.7
2022-06-14,17170340.5
2022-06-15,17159561.77
2022-06-16,17177559.01
2022-06-17,17242148.2
2022-06-18,17224449.19
2022-06-19,17224449.19
2022-06-20,17183641.38
2022-06-21,17074896.8
2022-06-22,17028423.93